xadreza	xadrezar	Mood=Imp|Number=Sing|Person=2|VerbForm=Fin
xadreza	xadrezar	Mood=Ind|Number=Sing|Person=3|Tense=Pres|VerbForm=Fin
xadrezada	xadrezar	Gender=Fem|Number=Sing|VerbForm=Part
xadrezadas	xadrezar	Gender=Fem|Number=Plur|VerbForm=Part
xadrezado	xadrezar	Gender=Masc|Number=Sing|VerbForm=Part
xadrezados	xadrezar	Gender=Masc|Number=Plur|VerbForm=Part
xadrezai	xadrezar	Mood=Imp|Number=Plur|Person=2|VerbForm=Fin
xadrezais	xadrezar	Mood=Ind|Number=Plur|Person=2|Tense=Pres|VerbForm=Fin
xadrezam	xadrezar	Mood=Ind|Number=Plur|Person=3|Tense=Pres|VerbForm=Fin
xadrezamos	xadrezar	Mood=Ind|Number=Plur|Person=1|Tense=Past|VerbForm=Fin
xadrezamos	xadrezar	Mood=Ind|Number=Plur|Person=1|Tense=Pres|VerbForm=Fin
xadrezando	xadrezar	VerbForm=Ger
xadrezar	xadrezar	Mood=Sub|Number=Sing|Person=1|Tense=Fut|VerbForm=Fin
xadrezar	xadrezar	Mood=Sub|Number=Sing|Person=3|Tense=Fut|VerbForm=Fin
xadrezar	xadrezar	Number=Sing|Person=1|VerbForm=Inf
xadrezar	xadrezar	Number=Sing|Person=3|VerbForm=Inf
xadrezar	xadrezar	VerbForm=Inf
xadrezara	xadrezar	Mood=Ind|Number=Sing|Person=1|Tense=Pqp|VerbForm=Fin
xadrezara	xadrezar	Mood=Ind|Number=Sing|Person=3|Tense=Pqp|VerbForm=Fin
xadrezaram	xadrezar	Mood=Ind|Number=Plur|Person=3|Tense=Past|VerbForm=Fin
xadrezaram	xadrezar	Mood=Ind|Number=Plur|Person=3|Tense=Pqp|VerbForm=Fin
xadrezaras	xadrezar	Mood=Ind|Number=Sing|Person=2|Tense=Pqp|VerbForm=Fin
xadrezardes	xadrezar	Mood=Sub|Number=Plur|Person=2|Tense=Fut|VerbForm=Fin
xadrezardes	xadrezar	Number=Plur|Person=2|VerbForm=Inf
xadrezarei	xadrezar	Mood=Ind|Number=Sing|Person=1|Tense=Fut|VerbForm=Fin
xadrezareis	xadrezar	Mood=Ind|Number=Plur|Person=2|Tense=Fut|VerbForm=Fin
xadrezarem	xadrezar	Mood=Sub|Number=Plur|Person=3|Tense=Fut|VerbForm=Fin
xadrezarem	xadrezar	Number=Plur|Person=3|VerbForm=Inf
xadrezaremos	xadrezar	Mood=Ind|Number=Plur|Person=1|Tense=Fut|VerbForm=Fin
xadrezares	xadrezar	Mood=Sub|Number=Sing|Person=2|Tense=Fut|VerbForm=Fin
xadrezares	xadrezar	Number=Sing|Person=2|VerbForm=Inf
xadrezaria	xadrezar	Mood=Cnd|Number=Sing|Person=1|VerbForm=Fin
xadrezaria	xadrezar	Mood=Cnd|Number=Sing|Person=3|VerbForm=Fin
xadrezariam	xadrezar	Mood=Cnd|Number=Plur|Person=3|VerbForm=Fin
xadrezarias	xadrezar	Mood=Cnd|Number=Sing|Person=2|VerbForm=Fin
xadrezarmos	xadrezar	Mood=Sub|Number=Plur|Person=1|Tense=Fut|VerbForm=Fin
xadrezarmos	xadrezar	Number=Plur|Person=1|VerbForm=Inf
xadrezará	xadrezar	Mood=Ind|Number=Sing|Person=3|Tense=Fut|VerbForm=Fin
xadrezarás	xadrezar	Mood=Ind|Number=Sing|Person=2|Tense=Fut|VerbForm=Fin
xadrezarão	xadrezar	Mood=Ind|Number=Plur|Person=3|Tense=Fut|VerbForm=Fin
xadrezaríamos	xadrezar	Mood=Cnd|Number=Plur|Person=1|VerbForm=Fin
xadrezaríeis	xadrezar	Mood=Cnd|Number=Plur|Person=2|VerbForm=Fin
xadrezas	xadrezar	Mood=Ind|Number=Sing|Person=2|Tense=Pres|VerbForm=Fin
xadrezasse	xadrezar	Mood=Sub|Number=Sing|Person=1|Tense=Past|VerbForm=Fin
xadrezasse	xadrezar	Mood=Sub|Number=Sing|Person=3|Tense=Past|VerbForm=Fin
xadrezassem	xadrezar	Mood=Sub|Number=Plur|Person=3|Tense=Past|VerbForm=Fin
xadrezasses	xadrezar	Mood=Sub|Number=Sing|Person=2|Tense=Past|VerbForm=Fin
xadrezaste	xadrezar	Mood=Ind|Number=Sing|Person=2|Tense=Past|VerbForm=Fin
xadrezastes	xadrezar	Mood=Ind|Number=Plur|Person=2|Tense=Past|VerbForm=Fin
xadrezava	xadrezar	Mood=Ind|Number=Sing|Person=1|Tense=Imp|VerbForm=Fin
xadrezava	xadrezar	Mood=Ind|Number=Sing|Person=3|Tense=Imp|VerbForm=Fin
xadrezavam	xadrezar	Mood=Ind|Number=Plur|Person=3|Tense=Imp|VerbForm=Fin
xadrezavas	xadrezar	Mood=Ind|Number=Sing|Person=2|Tense=Imp|VerbForm=Fin
xadreze	xadrezar	Mood=Imp|Number=Sing|Person=3|VerbForm=Fin
xadreze	xadrezar	Mood=Sub|Number=Sing|Person=1|Tense=Pres|VerbForm=Fin
xadreze	xadrezar	Mood=Sub|Number=Sing|Person=3|Tense=Pres|VerbForm=Fin
xadrezei	xadrezar	Mood=Ind|Number=Sing|Person=1|Tense=Past|VerbForm=Fin
xadrezeis	xadrezar	Mood=Sub|Number=Plur|Person=2|Tense=Pres|VerbForm=Fin
xadrezem	xadrezar	Mood=Imp|Number=Plur|Person=3|VerbForm=Fin
xadrezem	xadrezar	Mood=Sub|Number=Plur|Person=3|Tense=Pres|VerbForm=Fin
xadrezemos	xadrezar	Mood=Imp|Number=Plur|Person=1|VerbForm=Fin
xadrezemos	xadrezar	Mood=Sub|Number=Plur|Person=1|Tense=Pres|VerbForm=Fin
xadrezes	xadrezar	Mood=Sub|Number=Sing|Person=2|Tense=Pres|VerbForm=Fin
xadrezo	xadrezar	Mood=Ind|Number=Sing|Person=1|Tense=Pres|VerbForm=Fin
xadrezou	xadrezar	Mood=Ind|Number=Sing|Person=3|Tense=Past|VerbForm=Fin
xadrezáramos	xadrezar	Mood=Ind|Number=Plur|Person=1|Tense=Pqp|VerbForm=Fin
xadrezáreis	xadrezar	Mood=Ind|Number=Plur|Person=2|Tense=Pqp|VerbForm=Fin
xadrezásseis	xadrezar	Mood=Sub|Number=Plur|Person=2|Tense=Past|VerbForm=Fin
xadrezássemos	xadrezar	Mood=Sub|Number=Plur|Person=1|Tense=Past|VerbForm=Fin
xadrezávamos	xadrezar	Mood=Ind|Number=Plur|Person=1|Tense=Imp|VerbForm=Fin
xadrezáveis	xadrezar	Mood=Ind|Number=Plur|Person=2|Tense=Imp|VerbForm=Fin
xaropa	xaropar	Mood=Imp|Number=Sing|Person=2|VerbForm=Fin
xaropa	xaropar	Mood=Ind|Number=Sing|Person=3|Tense=Pres|VerbForm=Fin
xaropada	xaropar	Gender=Fem|Number=Sing|VerbForm=Part
xaropadas	xaropar	Gender=Fem|Number=Plur|VerbForm=Part
xaropado	xaropar	Gender=Masc|Number=Sing|VerbForm=Part
xaropados	xaropar	Gender=Masc|Number=Plur|VerbForm=Part
xaropai	xaropar	Mood=Imp|Number=Plur|Person=2|VerbForm=Fin
xaropais	xaropar	Mood=Ind|Number=Plur|Person=2|Tense=Pres|VerbForm=Fin
xaropam	xaropar	Mood=Ind|Number=Plur|Person=3|Tense=Pres|VerbForm=Fin
xaropamos	xaropar	Mood=Ind|Number=Plur|Person=1|Tense=Past|VerbForm=Fin
xaropamos	xaropar	Mood=Ind|Number=Plur|Person=1|Tense=Pres|VerbForm=Fin
xaropando	xaropar	VerbForm=Ger
xaropar	xaropar	Mood=Sub|Number=Sing|Person=1|Tense=Fut|VerbForm=Fin
xaropar	xaropar	Mood=Sub|Number=Sing|Person=3|Tense=Fut|VerbForm=Fin
xaropar	xaropar	Number=Sing|Person=1|VerbForm=Inf
xaropar	xaropar	Number=Sing|Person=3|VerbForm=Inf
xaropar	xaropar	VerbForm=Inf
xaropara	xaropar	Mood=Ind|Number=Sing|Person=1|Tense=Pqp|VerbForm=Fin
xaropara	xaropar	Mood=Ind|Number=Sing|Person=3|Tense=Pqp|VerbForm=Fin
xaroparam	xaropar	Mood=Ind|Number=Plur|Person=3|Tense=Past|VerbForm=Fin
xaroparam	xaropar	Mood=Ind|Number=Plur|Person=3|Tense=Pqp|VerbForm=Fin
xaroparas	xaropar	Mood=Ind|Number=Sing|Person=2|Tense=Pqp|VerbForm=Fin
xaropardes	xaropar	Mood=Sub|Number=Plur|Person=2|Tense=Fut|VerbForm=Fin
xaropardes	xaropar	Number=Plur|Person=2|VerbForm=Inf
xaroparei	xaropar	Mood=Ind|Number=Sing|Person=1|Tense=Fut|VerbForm=Fin
xaropareis	xaropar	Mood=Ind|Number=Plur|Person=2|Tense=Fut|VerbForm=Fin
xaroparem	xaropar	Mood=Sub|Number=Plur|Person=3|Tense=Fut|VerbForm=Fin
xaroparem	xaropar	Number=Plur|Person=3|VerbForm=Inf
xaroparemos	xaropar	Mood=Ind|Number=Plur|Person=1|Tense=Fut|VerbForm=Fin
xaropares	xaropar	Mood=Sub|Number=Sing|Person=2|Tense=Fut|VerbForm=Fin
xaropares	xaropar	Number=Sing|Person=2|VerbForm=Inf
xaroparia	xaropar	Mood=Cnd|Number=Sing|Person=1|VerbForm=Fin
xaroparia	xaropar	Mood=Cnd|Number=Sing|Person=3|VerbForm=Fin
xaropariam	xaropar	Mood=Cnd|Number=Plur|Person=3|VerbForm=Fin
xaroparias	xaropar	Mood=Cnd|Number=Sing|Person=2|VerbForm=Fin
xaroparmos	xaropar	Mood=Sub|Number=Plur|Person=1|Tense=Fut|VerbForm=Fin
xaroparmos	xaropar	Number=Plur|Person=1|VerbForm=Inf
xaropará	xaropar	Mood=Ind|Number=Sing|Person=3|Tense=Fut|VerbForm=Fin
xaroparás	xaropar	Mood=Ind|Number=Sing|Person=2|Tense=Fut|VerbForm=Fin
xaroparão	xaropar	Mood=Ind|Number=Plur|Person=3|Tense=Fut|VerbForm=Fin
xaroparíamos	xaropar	Mood=Cnd|Number=Plur|Person=1|VerbForm=Fin
xaroparíeis	xaropar	Mood=Cnd|Number=Plur|Person=2|VerbForm=Fin
xaropas	xaropar	Mood=Ind|Number=Sing|Person=2|Tense=Pres|VerbForm=Fin
xaropasse	xaropar	Mood=Sub|Number=Sing|Person=1|Tense=Past|VerbForm=Fin
xaropasse	xaropar	Mood=Sub|Number=Sing|Person=3|Tense=Past|VerbForm=Fin
xaropassem	xaropar	Mood=Sub|Number=Plur|Person=3|Tense=Past|VerbForm=Fin
xaropasses	xaropar	Mood=Sub|Number=Sing|Person=2|Tense=Past|VerbForm=Fin
xaropaste	xaropar	Mood=Ind|Number=Sing|Person=2|Tense=Past|VerbForm=Fin
xaropastes	xaropar	Mood=Ind|Number=Plur|Person=2|Tense=Past|VerbForm=Fin
xaropava	xaropar	Mood=Ind|Number=Sing|Person=1|Tense=Imp|VerbForm=Fin
xaropava	xaropar	Mood=Ind|Number=Sing|Person=3|Tense=Imp|VerbForm=Fin
xaropavam	xaropar	Mood=Ind|Number=Plur|Person=3|Tense=Imp|VerbForm=Fin
xaropavas	xaropar	Mood=Ind|Number=Sing|Person=2|Tense=Imp|VerbForm=Fin
xarope	xaropar	Mood=Imp|Number=Sing|Person=3|VerbForm=Fin
xarope	xaropar	Mood=Sub|Number=Sing|Person=1|Tense=Pres|VerbForm=Fin
xarope	xaropar	Mood=Sub|Number=Sing|Person=3|Tense=Pres|VerbForm=Fin
xaropeada	xaropear	Gender=Fem|Number=Sing|VerbForm=Part
xaropeadas	xaropear	Gender=Fem|Number=Plur|VerbForm=Part
xaropeado	xaropear	Gender=Masc|Number=Sing|VerbForm=Part
xaropeados	xaropear	Gender=Masc|Number=Plur|VerbForm=Part
xaropeai	xaropear	Mood=Imp|Number=Plur|Person=2|VerbForm=Fin
xaropeaia	xaropear	Mood=Imp|Number=Sing|Person=2|VerbForm=Fin
xaropeais	xaropear	Mood=Ind|Number=Plur|Person=2|Tense=Pres|VerbForm=Fin
xaropeamos	xaropear	Mood=Ind|Number=Plur|Person=1|Tense=Past|VerbForm=Fin
xaropeamos	xaropear	Mood=Ind|Number=Plur|Person=1|Tense=Pres|VerbForm=Fin
xaropeando	xaropear	VerbForm=Ger
xaropear	xaropear	Mood=Sub|Number=Sing|Person=1|Tense=Fut|VerbForm=Fin
xaropear	xaropear	Mood=Sub|Number=Sing|Person=3|Tense=Fut|VerbForm=Fin
xaropear	xaropear	Number=Sing|Person=1|VerbForm=Inf
xaropear	xaropear	Number=Sing|Person=3|VerbForm=Inf
xaropear	xaropear	VerbForm=Inf
xaropeara	xaropear	Mood=Ind|Number=Sing|Person=1|Tense=Pqp|VerbForm=Fin
xaropeara	xaropear	Mood=Ind|Number=Sing|Person=3|Tense=Pqp|VerbForm=Fin
xaropearam	xaropear	Mood=Ind|Number=Plur|Person=3|Tense=Past|VerbForm=Fin
xaropearam	xaropear	Mood=Ind|Number=Plur|Person=3|Tense=Pqp|VerbForm=Fin
xaropearas	xaropear	Mood=Ind|Number=Sing|Person=2|Tense=Pqp|VerbForm=Fin
xaropeardes	xaropear	Mood=Sub|Number=Plur|Person=2|Tense=Fut|VerbForm=Fin
xaropeardes	xaropear	Number=Plur|Person=2|VerbForm=Inf
xaropearei	xaropear	Mood=Ind|Number=Sing|Person=1|Tense=Fut|VerbForm=Fin
xaropeareis	xaropear	Mood=Ind|Number=Plur|Person=2|Tense=Fut|VerbForm=Fin
xaropearem	xaropear	Mood=Sub|Number=Plur|Person=3|Tense=Fut|VerbForm=Fin
xaropearem	xaropear	Number=Plur|Person=3|VerbForm=Inf
xaropearemos	xaropear	Mood=Ind|Number=Plur|Person=1|Tense=Fut|VerbForm=Fin
xaropeares	xaropear	Mood=Sub|Number=Sing|Person=2|Tense=Fut|VerbForm=Fin
xaropeares	xaropear	Number=Sing|Person=2|VerbForm=Inf
xaropearia	xaropear	Mood=Cnd|Number=Sing|Person=1|VerbForm=Fin
xaropearia	xaropear	Mood=Cnd|Number=Sing|Person=3|VerbForm=Fin
xaropeariam	xaropear	Mood=Cnd|Number=Plur|Person=3|VerbForm=Fin
xaropearias	xaropear	Mood=Cnd|Number=Sing|Person=2|VerbForm=Fin
xaropearmos	xaropear	Mood=Sub|Number=Plur|Person=1|Tense=Fut|VerbForm=Fin
xaropearmos	xaropear	Number=Plur|Person=1|VerbForm=Inf
xaropeará	xaropear	Mood=Ind|Number=Sing|Person=3|Tense=Fut|VerbForm=Fin
xaropearás	xaropear	Mood=Ind|Number=Sing|Person=2|Tense=Fut|VerbForm=Fin
xaropearão	xaropear	Mood=Ind|Number=Plur|Person=3|Tense=Fut|VerbForm=Fin
xaropearíamos	xaropear	Mood=Cnd|Number=Plur|Person=1|VerbForm=Fin
xaropearíeis	xaropear	Mood=Cnd|Number=Plur|Person=2|VerbForm=Fin
xaropeasse	xaropear	Mood=Sub|Number=Sing|Person=1|Tense=Past|VerbForm=Fin
xaropeasse	xaropear	Mood=Sub|Number=Sing|Person=3|Tense=Past|VerbForm=Fin
xaropeassem	xaropear	Mood=Sub|Number=Plur|Person=3|Tense=Past|VerbForm=Fin
xaropeasses	xaropear	Mood=Sub|Number=Sing|Person=2|Tense=Past|VerbForm=Fin
xaropeaste	xaropear	Mood=Ind|Number=Sing|Person=2|Tense=Past|VerbForm=Fin
xaropeastes	xaropear	Mood=Ind|Number=Plur|Person=2|Tense=Past|VerbForm=Fin
xaropeava	xaropear	Mood=Ind|Number=Sing|Person=1|Tense=Imp|VerbForm=Fin
xaropeava	xaropear	Mood=Ind|Number=Sing|Person=3|Tense=Imp|VerbForm=Fin
xaropeavam	xaropear	Mood=Ind|Number=Plur|Person=3|Tense=Imp|VerbForm=Fin
xaropeavas	xaropear	Mood=Ind|Number=Sing|Person=2|Tense=Imp|VerbForm=Fin
xaropeei	xaropear	Mood=Ind|Number=Sing|Person=1|Tense=Past|VerbForm=Fin
xaropeeis	xaropear	Mood=Sub|Number=Plur|Person=2|Tense=Pres|VerbForm=Fin
xaropeemos	xaropear	Mood=Imp|Number=Plur|Person=1|VerbForm=Fin
xaropeemos	xaropear	Mood=Sub|Number=Plur|Person=1|Tense=Pres|VerbForm=Fin
xaropei	xaropar	Mood=Ind|Number=Sing|Person=1|Tense=Past|VerbForm=Fin
xaropeia	xaropear	Mood=Ind|Number=Sing|Person=3|Tense=Pres|VerbForm=Fin
xaropeiam	xaropear	Mood=Ind|Number=Plur|Person=3|Tense=Pres|VerbForm=Fin
xaropeias	xaropear	Mood=Ind|Number=Sing|Person=2|Tense=Pres|VerbForm=Fin
xaropeie	xaropear	Mood=Imp|Number=Sing|Person=3|VerbForm=Fin
xaropeie	xaropear	Mood=Sub|Number=Sing|Person=1|Tense=Pres|VerbForm=Fin
xaropeie	xaropear	Mood=Sub|Number=Sing|Person=3|Tense=Pres|VerbForm=Fin
xaropeiem	xaropear	Mood=Imp|Number=Plur|Person=3|VerbForm=Fin
xaropeiem	xaropear	Mood=Sub|Number=Plur|Person=3|Tense=Pres|VerbForm=Fin
xaropeies	xaropear	Mood=Sub|Number=Sing|Person=2|Tense=Pres|VerbForm=Fin
xaropeio	xaropear	Mood=Ind|Number=Sing|Person=1|Tense=Pres|VerbForm=Fin
xaropeis	xaropar	Mood=Sub|Number=Plur|Person=2|Tense=Pres|VerbForm=Fin
xaropem	xaropar	Mood=Imp|Number=Plur|Person=3|VerbForm=Fin
xaropem	xaropar	Mood=Sub|Number=Plur|Person=3|Tense=Pres|VerbForm=Fin
xaropemos	xaropar	Mood=Imp|Number=Plur|Person=1|VerbForm=Fin
xaropemos	xaropar	Mood=Sub|Number=Plur|Person=1|Tense=Pres|VerbForm=Fin
xaropeou	xaropear	Mood=Ind|Number=Sing|Person=3|Tense=Past|VerbForm=Fin
xaropes	xaropar	Mood=Sub|Number=Sing|Person=2|Tense=Pres|VerbForm=Fin
xaropeáramos	xaropear	Mood=Ind|Number=Plur|Person=1|Tense=Pqp|VerbForm=Fin
xaropeáreis	xaropear	Mood=Ind|Number=Plur|Person=2|Tense=Pqp|VerbForm=Fin
xaropeásseis	xaropear	Mood=Sub|Number=Plur|Person=2|Tense=Past|VerbForm=Fin
xaropeássemos	xaropear	Mood=Sub|Number=Plur|Person=1|Tense=Past|VerbForm=Fin
xaropeávamos	xaropear	Mood=Ind|Number=Plur|Person=1|Tense=Imp|VerbForm=Fin
xaropeáveis	xaropear	Mood=Ind|Number=Plur|Person=2|Tense=Imp|VerbForm=Fin
xaropo	xaropar	Mood=Ind|Number=Sing|Person=1|Tense=Pres|VerbForm=Fin
xaropou	xaropar	Mood=Ind|Number=Sing|Person=3|Tense=Past|VerbForm=Fin
xaropáramos	xaropar	Mood=Ind|Number=Plur|Person=1|Tense=Pqp|VerbForm=Fin
xaropáreis	xaropar	Mood=Ind|Number=Plur|Person=2|Tense=Pqp|VerbForm=Fin
xaropásseis	xaropar	Mood=Sub|Number=Plur|Person=2|Tense=Past|VerbForm=Fin
xaropássemos	xaropar	Mood=Sub|Number=Plur|Person=1|Tense=Past|VerbForm=Fin
xaropávamos	xaropar	Mood=Ind|Number=Plur|Person=1|Tense=Imp|VerbForm=Fin
xaropáveis	xaropar	Mood=Ind|Number=Plur|Person=2|Tense=Imp|VerbForm=Fin
xereta	xeretar	Mood=Imp|Number=Sing|Person=2|VerbForm=Fin
xereta	xeretar	Mood=Ind|Number=Sing|Person=3|Tense=Pres|VerbForm=Fin
xeretada	xeretar	Gender=Fem|Number=Sing|VerbForm=Part
xeretadas	xeretar	Gender=Fem|Number=Plur|VerbForm=Part
xeretado	xeretar	Gender=Masc|Number=Sing|VerbForm=Part
xeretados	xeretar	Gender=Masc|Number=Plur|VerbForm=Part
xeretai	xeretar	Mood=Imp|Number=Plur|Person=2|VerbForm=Fin
xeretais	xeretar	Mood=Ind|Number=Plur|Person=2|Tense=Pres|VerbForm=Fin
xeretam	xeretar	Mood=Ind|Number=Plur|Person=3|Tense=Pres|VerbForm=Fin
xeretamos	xeretar	Mood=Ind|Number=Plur|Person=1|Tense=Past|VerbForm=Fin
xeretamos	xeretar	Mood=Ind|Number=Plur|Person=1|Tense=Pres|VerbForm=Fin
xeretando	xeretar	VerbForm=Ger
xeretar	xeretar	Mood=Sub|Number=Sing|Person=1|Tense=Fut|VerbForm=Fin
xeretar	xeretar	Mood=Sub|Number=Sing|Person=3|Tense=Fut|VerbForm=Fin
xeretar	xeretar	Number=Sing|Person=1|VerbForm=Inf
xeretar	xeretar	Number=Sing|Person=3|VerbForm=Inf
xeretar	xeretar	VerbForm=Inf
xeretara	xeretar	Mood=Ind|Number=Sing|Person=1|Tense=Pqp|VerbForm=Fin
xeretara	xeretar	Mood=Ind|Number=Sing|Person=3|Tense=Pqp|VerbForm=Fin
xeretaram	xeretar	Mood=Ind|Number=Plur|Person=3|Tense=Past|VerbForm=Fin
xeretaram	xeretar	Mood=Ind|Number=Plur|Person=3|Tense=Pqp|VerbForm=Fin
xeretaras	xeretar	Mood=Ind|Number=Sing|Person=2|Tense=Pqp|VerbForm=Fin
xeretardes	xeretar	Mood=Sub|Number=Plur|Person=2|Tense=Fut|VerbForm=Fin
xeretardes	xeretar	Number=Plur|Person=2|VerbForm=Inf
xeretarei	xeretar	Mood=Ind|Number=Sing|Person=1|Tense=Fut|VerbForm=Fin
xeretareis	xeretar	Mood=Ind|Number=Plur|Person=2|Tense=Fut|VerbForm=Fin
xeretarem	xeretar	Mood=Sub|Number=Plur|Person=3|Tense=Fut|VerbForm=Fin
xeretarem	xeretar	Number=Plur|Person=3|VerbForm=Inf
xeretaremos	xeretar	Mood=Ind|Number=Plur|Person=1|Tense=Fut|VerbForm=Fin
xeretares	xeretar	Mood=Sub|Number=Sing|Person=2|Tense=Fut|VerbForm=Fin
xeretares	xeretar	Number=Sing|Person=2|VerbForm=Inf
xeretaria	xeretar	Mood=Cnd|Number=Sing|Person=1|VerbForm=Fin
xeretaria	xeretar	Mood=Cnd|Number=Sing|Person=3|VerbForm=Fin
xeretariam	xeretar	Mood=Cnd|Number=Plur|Person=3|VerbForm=Fin
xeretarias	xeretar	Mood=Cnd|Number=Sing|Person=2|VerbForm=Fin
xeretarmos	xeretar	Mood=Sub|Number=Plur|Person=1|Tense=Fut|VerbForm=Fin
xeretarmos	xeretar	Number=Plur|Person=1|VerbForm=Inf
xeretará	xeretar	Mood=Ind|Number=Sing|Person=3|Tense=Fut|VerbForm=Fin
xeretarás	xeretar	Mood=Ind|Number=Sing|Person=2|Tense=Fut|VerbForm=Fin
xeretarão	xeretar	Mood=Ind|Number=Plur|Person=3|Tense=Fut|VerbForm=Fin
xeretaríamos	xeretar	Mood=Cnd|Number=Plur|Person=1|VerbForm=Fin
xeretaríeis	xeretar	Mood=Cnd|Number=Plur|Person=2|VerbForm=Fin
xeretas	xeretar	Mood=Ind|Number=Sing|Person=2|Tense=Pres|VerbForm=Fin
xeretasse	xeretar	Mood=Sub|Number=Sing|Person=1|Tense=Past|VerbForm=Fin
xeretasse	xeretar	Mood=Sub|Number=Sing|Person=3|Tense=Past|VerbForm=Fin
xeretassem	xeretar	Mood=Sub|Number=Plur|Person=3|Tense=Past|VerbForm=Fin
xeretasses	xeretar	Mood=Sub|Number=Sing|Person=2|Tense=Past|VerbForm=Fin
xeretaste	xeretar	Mood=Ind|Number=Sing|Person=2|Tense=Past|VerbForm=Fin
xeretastes	xeretar	Mood=Ind|Number=Plur|Person=2|Tense=Past|VerbForm=Fin
xeretava	xeretar	Mood=Ind|Number=Sing|Person=1|Tense=Imp|VerbForm=Fin
xeretava	xeretar	Mood=Ind|Number=Sing|Person=3|Tense=Imp|VerbForm=Fin
xeretavam	xeretar	Mood=Ind|Number=Plur|Person=3|Tense=Imp|VerbForm=Fin
xeretavas	xeretar	Mood=Ind|Number=Sing|Person=2|Tense=Imp|VerbForm=Fin
xerete	xeretar	Mood=Imp|Number=Sing|Person=3|VerbForm=Fin
xerete	xeretar	Mood=Sub|Number=Sing|Person=1|Tense=Pres|VerbForm=Fin
xerete	xeretar	Mood=Sub|Number=Sing|Person=3|Tense=Pres|VerbForm=Fin
xereteada	xeretear	Gender=Fem|Number=Sing|VerbForm=Part
xereteadas	xeretear	Gender=Fem|Number=Plur|VerbForm=Part
xereteado	xeretear	Gender=Masc|Number=Sing|VerbForm=Part
xereteados	xeretear	Gender=Masc|Number=Plur|VerbForm=Part
xereteai	xeretear	Mood=Imp|Number=Plur|Person=2|VerbForm=Fin
xereteaia	xeretear	Mood=Imp|Number=Sing|Person=2|VerbForm=Fin
xereteais	xeretear	Mood=Ind|Number=Plur|Person=2|Tense=Pres|VerbForm=Fin
xereteamos	xeretear	Mood=Ind|Number=Plur|Person=1|Tense=Past|VerbForm=Fin
xereteamos	xeretear	Mood=Ind|Number=Plur|Person=1|Tense=Pres|VerbForm=Fin
xereteando	xeretear	VerbForm=Ger
xeretear	xeretear	Mood=Sub|Number=Sing|Person=1|Tense=Fut|VerbForm=Fin
xeretear	xeretear	Mood=Sub|Number=Sing|Person=3|Tense=Fut|VerbForm=Fin
xeretear	xeretear	Number=Sing|Person=1|VerbForm=Inf
xeretear	xeretear	Number=Sing|Person=3|VerbForm=Inf
xeretear	xeretear	VerbForm=Inf
xereteara	xeretear	Mood=Ind|Number=Sing|Person=1|Tense=Pqp|VerbForm=Fin
xereteara	xeretear	Mood=Ind|Number=Sing|Person=3|Tense=Pqp|VerbForm=Fin
xeretearam	xeretear	Mood=Ind|Number=Plur|Person=3|Tense=Past|VerbForm=Fin
xeretearam	xeretear	Mood=Ind|Number=Plur|Person=3|Tense=Pqp|VerbForm=Fin
xeretearas	xeretear	Mood=Ind|Number=Sing|Person=2|Tense=Pqp|VerbForm=Fin
xereteardes	xeretear	Mood=Sub|Number=Plur|Person=2|Tense=Fut|VerbForm=Fin
xereteardes	xeretear	Number=Plur|Person=2|VerbForm=Inf
xeretearei	xeretear	Mood=Ind|Number=Sing|Person=1|Tense=Fut|VerbForm=Fin
xereteareis	xeretear	Mood=Ind|Number=Plur|Person=2|Tense=Fut|VerbForm=Fin
xeretearem	xeretear	Mood=Sub|Number=Plur|Person=3|Tense=Fut|VerbForm=Fin
xeretearem	xeretear	Number=Plur|Person=3|VerbForm=Inf
xeretearemos	xeretear	Mood=Ind|Number=Plur|Person=1|Tense=Fut|VerbForm=Fin
xereteares	xeretear	Mood=Sub|Number=Sing|Person=2|Tense=Fut|VerbForm=Fin
xereteares	xeretear	Number=Sing|Person=2|VerbForm=Inf
xeretearia	xeretear	Mood=Cnd|Number=Sing|Person=1|VerbForm=Fin
xeretearia	xeretear	Mood=Cnd|Number=Sing|Person=3|VerbForm=Fin
xereteariam	xeretear	Mood=Cnd|Number=Plur|Person=3|VerbForm=Fin
xeretearias	xeretear	Mood=Cnd|Number=Sing|Person=2|VerbForm=Fin
xeretearmos	xeretear	Mood=Sub|Number=Plur|Person=1|Tense=Fut|VerbForm=Fin
xeretearmos	xeretear	Number=Plur|Person=1|VerbForm=Inf
xereteará	xeretear	Mood=Ind|Number=Sing|Person=3|Tense=Fut|VerbForm=Fin
xeretearás	xeretear	Mood=Ind|Number=Sing|Person=2|Tense=Fut|VerbForm=Fin
xeretearão	xeretear	Mood=Ind|Number=Plur|Person=3|Tense=Fut|VerbForm=Fin
xeretearíamos	xeretear	Mood=Cnd|Number=Plur|Person=1|VerbForm=Fin
xeretearíeis	xeretear	Mood=Cnd|Number=Plur|Person=2|VerbForm=Fin
xereteasse	xeretear	Mood=Sub|Number=Sing|Person=1|Tense=Past|VerbForm=Fin
xereteasse	xeretear	Mood=Sub|Number=Sing|Person=3|Tense=Past|VerbForm=Fin
xereteassem	xeretear	Mood=Sub|Number=Plur|Person=3|Tense=Past|VerbForm=Fin
xereteasses	xeretear	Mood=Sub|Number=Sing|Person=2|Tense=Past|VerbForm=Fin
xereteaste	xeretear	Mood=Ind|Number=Sing|Person=2|Tense=Past|VerbForm=Fin
xereteastes	xeretear	Mood=Ind|Number=Plur|Person=2|Tense=Past|VerbForm=Fin
xereteava	xeretear	Mood=Ind|Number=Sing|Person=1|Tense=Imp|VerbForm=Fin
xereteava	xeretear	Mood=Ind|Number=Sing|Person=3|Tense=Imp|VerbForm=Fin
xereteavam	xeretear	Mood=Ind|Number=Plur|Person=3|Tense=Imp|VerbForm=Fin
xereteavas	xeretear	Mood=Ind|Number=Sing|Person=2|Tense=Imp|VerbForm=Fin
xereteei	xeretear	Mood=Ind|Number=Sing|Person=1|Tense=Past|VerbForm=Fin
xereteeis	xeretear	Mood=Sub|Number=Plur|Person=2|Tense=Pres|VerbForm=Fin
xereteemos	xeretear	Mood=Imp|Number=Plur|Person=1|VerbForm=Fin
xereteemos	xeretear	Mood=Sub|Number=Plur|Person=1|Tense=Pres|VerbForm=Fin
xeretei	xeretar	Mood=Ind|Number=Sing|Person=1|Tense=Past|VerbForm=Fin
xereteia	xeretear	Mood=Ind|Number=Sing|Person=3|Tense=Pres|VerbForm=Fin
xereteiam	xeretear	Mood=Ind|Number=Plur|Person=3|Tense=Pres|VerbForm=Fin
xereteias	xeretear	Mood=Ind|Number=Sing|Person=2|Tense=Pres|VerbForm=Fin
xereteie	xeretear	Mood=Imp|Number=Sing|Person=3|VerbForm=Fin
xereteie	xeretear	Mood=Sub|Number=Sing|Person=1|Tense=Pres|VerbForm=Fin
xereteie	xeretear	Mood=Sub|Number=Sing|Person=3|Tense=Pres|VerbForm=Fin
xereteiem	xeretear	Mood=Imp|Number=Plur|Person=3|VerbForm=Fin
xereteiem	xeretear	Mood=Sub|Number=Plur|Person=3|Tense=Pres|VerbForm=Fin
xereteies	xeretear	Mood=Sub|Number=Sing|Person=2|Tense=Pres|VerbForm=Fin
xereteio	xeretear	Mood=Ind|Number=Sing|Person=1|Tense=Pres|VerbForm=Fin
xereteis	xeretar	Mood=Sub|Number=Plur|Person=2|Tense=Pres|VerbForm=Fin
xeretem	xeretar	Mood=Imp|Number=Plur|Person=3|VerbForm=Fin
xeretem	xeretar	Mood=Sub|Number=Plur|Person=3|Tense=Pres|VerbForm=Fin
xeretemos	xeretar	Mood=Imp|Number=Plur|Person=1|VerbForm=Fin
xeretemos	xeretar	Mood=Sub|Number=Plur|Person=1|Tense=Pres|VerbForm=Fin
xereteou	xeretear	Mood=Ind|Number=Sing|Person=3|Tense=Past|VerbForm=Fin
xeretes	xeretar	Mood=Sub|Number=Sing|Person=2|Tense=Pres|VerbForm=Fin
xereteáramos	xeretear	Mood=Ind|Number=Plur|Person=1|Tense=Pqp|VerbForm=Fin
xereteáreis	xeretear	Mood=Ind|Number=Plur|Person=2|Tense=Pqp|VerbForm=Fin
xereteásseis	xeretear	Mood=Sub|Number=Plur|Person=2|Tense=Past|VerbForm=Fin
xereteássemos	xeretear	Mood=Sub|Number=Plur|Person=1|Tense=Past|VerbForm=Fin
xereteávamos	xeretear	Mood=Ind|Number=Plur|Person=1|Tense=Imp|VerbForm=Fin
xereteáveis	xeretear	Mood=Ind|Number=Plur|Person=2|Tense=Imp|VerbForm=Fin
xereto	xeretar	Mood=Ind|Number=Sing|Person=1|Tense=Pres|VerbForm=Fin
xeretou	xeretar	Mood=Ind|Number=Sing|Person=3|Tense=Past|VerbForm=Fin
xeretáramos	xeretar	Mood=Ind|Number=Plur|Person=1|Tense=Pqp|VerbForm=Fin
xeretáreis	xeretar	Mood=Ind|Number=Plur|Person=2|Tense=Pqp|VerbForm=Fin
xeretásseis	xeretar	Mood=Sub|Number=Plur|Person=2|Tense=Past|VerbForm=Fin
xeretássemos	xeretar	Mood=Sub|Number=Plur|Person=1|Tense=Past|VerbForm=Fin
xeretávamos	xeretar	Mood=Ind|Number=Plur|Person=1|Tense=Imp|VerbForm=Fin
xeretáveis	xeretar	Mood=Ind|Number=Plur|Person=2|Tense=Imp|VerbForm=Fin
xeroca	xerocar	Mood=Imp|Number=Sing|Person=2|VerbForm=Fin
xeroca	xerocar	Mood=Ind|Number=Sing|Person=3|Tense=Pres|VerbForm=Fin
xerocada	xerocar	Gender=Fem|Number=Sing|VerbForm=Part
xerocadas	xerocar	Gender=Fem|Number=Plur|VerbForm=Part
xerocado	xerocar	Gender=Masc|Number=Sing|VerbForm=Part
xerocados	xerocar	Gender=Masc|Number=Plur|VerbForm=Part
xerocai	xerocar	Mood=Imp|Number=Plur|Person=2|VerbForm=Fin
xerocais	xerocar	Mood=Ind|Number=Plur|Person=2|Tense=Pres|VerbForm=Fin
xerocam	xerocar	Mood=Ind|Number=Plur|Person=3|Tense=Pres|VerbForm=Fin
xerocamos	xerocar	Mood=Ind|Number=Plur|Person=1|Tense=Past|VerbForm=Fin
xerocamos	xerocar	Mood=Ind|Number=Plur|Person=1|Tense=Pres|VerbForm=Fin
xerocando	xerocar	VerbForm=Ger
xerocar	xerocar	Mood=Sub|Number=Sing|Person=1|Tense=Fut|VerbForm=Fin
xerocar	xerocar	Mood=Sub|Number=Sing|Person=3|Tense=Fut|VerbForm=Fin
xerocar	xerocar	Number=Sing|Person=1|VerbForm=Inf
xerocar	xerocar	Number=Sing|Person=3|VerbForm=Inf
xerocar	xerocar	VerbForm=Inf
xerocara	xerocar	Mood=Ind|Number=Sing|Person=1|Tense=Pqp|VerbForm=Fin
xerocara	xerocar	Mood=Ind|Number=Sing|Person=3|Tense=Pqp|VerbForm=Fin
xerocaram	xerocar	Mood=Ind|Number=Plur|Person=3|Tense=Past|VerbForm=Fin
xerocaram	xerocar	Mood=Ind|Number=Plur|Person=3|Tense=Pqp|VerbForm=Fin
xerocaras	xerocar	Mood=Ind|Number=Sing|Person=2|Tense=Pqp|VerbForm=Fin
xerocardes	xerocar	Mood=Sub|Number=Plur|Person=2|Tense=Fut|VerbForm=Fin
xerocardes	xerocar	Number=Plur|Person=2|VerbForm=Inf
xerocarei	xerocar	Mood=Ind|Number=Sing|Person=1|Tense=Fut|VerbForm=Fin
xerocareis	xerocar	Mood=Ind|Number=Plur|Person=2|Tense=Fut|VerbForm=Fin
xerocarem	xerocar	Mood=Sub|Number=Plur|Person=3|Tense=Fut|VerbForm=Fin
xerocarem	xerocar	Number=Plur|Person=3|VerbForm=Inf
xerocaremos	xerocar	Mood=Ind|Number=Plur|Person=1|Tense=Fut|VerbForm=Fin
xerocares	xerocar	Mood=Sub|Number=Sing|Person=2|Tense=Fut|VerbForm=Fin
xerocares	xerocar	Number=Sing|Person=2|VerbForm=Inf
xerocaria	xerocar	Mood=Cnd|Number=Sing|Person=1|VerbForm=Fin
xerocaria	xerocar	Mood=Cnd|Number=Sing|Person=3|VerbForm=Fin
xerocariam	xerocar	Mood=Cnd|Number=Plur|Person=3|VerbForm=Fin
xerocarias	xerocar	Mood=Cnd|Number=Sing|Person=2|VerbForm=Fin
xerocarmos	xerocar	Mood=Sub|Number=Plur|Person=1|Tense=Fut|VerbForm=Fin
xerocarmos	xerocar	Number=Plur|Person=1|VerbForm=Inf
xerocará	xerocar	Mood=Ind|Number=Sing|Person=3|Tense=Fut|VerbForm=Fin
xerocarás	xerocar	Mood=Ind|Number=Sing|Person=2|Tense=Fut|VerbForm=Fin
xerocarão	xerocar	Mood=Ind|Number=Plur|Person=3|Tense=Fut|VerbForm=Fin
xerocaríamos	xerocar	Mood=Cnd|Number=Plur|Person=1|VerbForm=Fin
xerocaríeis	xerocar	Mood=Cnd|Number=Plur|Person=2|VerbForm=Fin
xerocas	xerocar	Mood=Ind|Number=Sing|Person=2|Tense=Pres|VerbForm=Fin
xerocasse	xerocar	Mood=Sub|Number=Sing|Person=1|Tense=Past|VerbForm=Fin
xerocasse	xerocar	Mood=Sub|Number=Sing|Person=3|Tense=Past|VerbForm=Fin
xerocassem	xerocar	Mood=Sub|Number=Plur|Person=3|Tense=Past|VerbForm=Fin
xerocasses	xerocar	Mood=Sub|Number=Sing|Person=2|Tense=Past|VerbForm=Fin
xerocaste	xerocar	Mood=Ind|Number=Sing|Person=2|Tense=Past|VerbForm=Fin
xerocastes	xerocar	Mood=Ind|Number=Plur|Person=2|Tense=Past|VerbForm=Fin
xerocava	xerocar	Mood=Ind|Number=Sing|Person=1|Tense=Imp|VerbForm=Fin
xerocava	xerocar	Mood=Ind|Number=Sing|Person=3|Tense=Imp|VerbForm=Fin
xerocavam	xerocar	Mood=Ind|Number=Plur|Person=3|Tense=Imp|VerbForm=Fin
xerocavas	xerocar	Mood=Ind|Number=Sing|Person=2|Tense=Imp|VerbForm=Fin
xeroco	xerocar	Mood=Ind|Number=Sing|Person=1|Tense=Pres|VerbForm=Fin
xerocou	xerocar	Mood=Ind|Number=Sing|Person=3|Tense=Past|VerbForm=Fin
xerocáramos	xerocar	Mood=Ind|Number=Plur|Person=1|Tense=Pqp|VerbForm=Fin
xerocáreis	xerocar	Mood=Ind|Number=Plur|Person=2|Tense=Pqp|VerbForm=Fin
xerocásseis	xerocar	Mood=Sub|Number=Plur|Person=2|Tense=Past|VerbForm=Fin
xerocássemos	xerocar	Mood=Sub|Number=Plur|Person=1|Tense=Past|VerbForm=Fin
xerocávamos	xerocar	Mood=Ind|Number=Plur|Person=1|Tense=Imp|VerbForm=Fin
xerocáveis	xerocar	Mood=Ind|Number=Plur|Person=2|Tense=Imp|VerbForm=Fin
xerografa	xerografar	Mood=Imp|Number=Sing|Person=2|VerbForm=Fin
xerografa	xerografar	Mood=Ind|Number=Sing|Person=3|Tense=Pres|VerbForm=Fin
xerografada	xerografar	Gender=Fem|Number=Sing|VerbForm=Part
xerografadas	xerografar	Gender=Fem|Number=Plur|VerbForm=Part
xerografado	xerografar	Gender=Masc|Number=Sing|VerbForm=Part
xerografados	xerografar	Gender=Masc|Number=Plur|VerbForm=Part
xerografai	xerografar	Mood=Imp|Number=Plur|Person=2|VerbForm=Fin
xerografais	xerografar	Mood=Ind|Number=Plur|Person=2|Tense=Pres|VerbForm=Fin
xerografam	xerografar	Mood=Ind|Number=Plur|Person=3|Tense=Pres|VerbForm=Fin
xerografamos	xerografar	Mood=Ind|Number=Plur|Person=1|Tense=Past|VerbForm=Fin
xerografamos	xerografar	Mood=Ind|Number=Plur|Person=1|Tense=Pres|VerbForm=Fin
xerografando	xerografar	VerbForm=Ger
xerografar	xerografar	Mood=Sub|Number=Sing|Person=1|Tense=Fut|VerbForm=Fin
xerografar	xerografar	Mood=Sub|Number=Sing|Person=3|Tense=Fut|VerbForm=Fin
xerografar	xerografar	Number=Sing|Person=1|VerbForm=Inf
xerografar	xerografar	Number=Sing|Person=3|VerbForm=Inf
xerografar	xerografar	VerbForm=Inf
xerografara	xerografar	Mood=Ind|Number=Sing|Person=1|Tense=Pqp|VerbForm=Fin
xerografara	xerografar	Mood=Ind|Number=Sing|Person=3|Tense=Pqp|VerbForm=Fin
xerografaram	xerografar	Mood=Ind|Number=Plur|Person=3|Tense=Past|VerbForm=Fin
xerografaram	xerografar	Mood=Ind|Number=Plur|Person=3|Tense=Pqp|VerbForm=Fin
xerografaras	xerografar	Mood=Ind|Number=Sing|Person=2|Tense=Pqp|VerbForm=Fin
xerografardes	xerografar	Mood=Sub|Number=Plur|Person=2|Tense=Fut|VerbForm=Fin
xerografardes	xerografar	Number=Plur|Person=2|VerbForm=Inf
xerografarei	xerografar	Mood=Ind|Number=Sing|Person=1|Tense=Fut|VerbForm=Fin
xerografareis	xerografar	Mood=Ind|Number=Plur|Person=2|Tense=Fut|VerbForm=Fin
xerografarem	xerografar	Mood=Sub|Number=Plur|Person=3|Tense=Fut|VerbForm=Fin
xerografarem	xerografar	Number=Plur|Person=3|VerbForm=Inf
xerografaremos	xerografar	Mood=Ind|Number=Plur|Person=1|Tense=Fut|VerbForm=Fin
xerografares	xerografar	Mood=Sub|Number=Sing|Person=2|Tense=Fut|VerbForm=Fin
xerografares	xerografar	Number=Sing|Person=2|VerbForm=Inf
xerografaria	xerografar	Mood=Cnd|Number=Sing|Person=1|VerbForm=Fin
xerografaria	xerografar	Mood=Cnd|Number=Sing|Person=3|VerbForm=Fin
xerografariam	xerografar	Mood=Cnd|Number=Plur|Person=3|VerbForm=Fin
xerografarias	xerografar	Mood=Cnd|Number=Sing|Person=2|VerbForm=Fin
xerografarmos	xerografar	Mood=Sub|Number=Plur|Person=1|Tense=Fut|VerbForm=Fin
xerografarmos	xerografar	Number=Plur|Person=1|VerbForm=Inf
xerografará	xerografar	Mood=Ind|Number=Sing|Person=3|Tense=Fut|VerbForm=Fin
xerografarás	xerografar	Mood=Ind|Number=Sing|Person=2|Tense=Fut|VerbForm=Fin
xerografarão	xerografar	Mood=Ind|Number=Plur|Person=3|Tense=Fut|VerbForm=Fin
xerografaríamos	xerografar	Mood=Cnd|Number=Plur|Person=1|VerbForm=Fin
xerografaríeis	xerografar	Mood=Cnd|Number=Plur|Person=2|VerbForm=Fin
xerografas	xerografar	Mood=Ind|Number=Sing|Person=2|Tense=Pres|VerbForm=Fin
xerografasse	xerografar	Mood=Sub|Number=Sing|Person=1|Tense=Past|VerbForm=Fin
xerografasse	xerografar	Mood=Sub|Number=Sing|Person=3|Tense=Past|VerbForm=Fin
xerografassem	xerografar	Mood=Sub|Number=Plur|Person=3|Tense=Past|VerbForm=Fin
xerografasses	xerografar	Mood=Sub|Number=Sing|Person=2|Tense=Past|VerbForm=Fin
xerografaste	xerografar	Mood=Ind|Number=Sing|Person=2|Tense=Past|VerbForm=Fin
xerografastes	xerografar	Mood=Ind|Number=Plur|Person=2|Tense=Past|VerbForm=Fin
xerografava	xerografar	Mood=Ind|Number=Sing|Person=1|Tense=Imp|VerbForm=Fin
xerografava	xerografar	Mood=Ind|Number=Sing|Person=3|Tense=Imp|VerbForm=Fin
xerografavam	xerografar	Mood=Ind|Number=Plur|Person=3|Tense=Imp|VerbForm=Fin
xerografavas	xerografar	Mood=Ind|Number=Sing|Person=2|Tense=Imp|VerbForm=Fin
xerografe	xerografar	Mood=Imp|Number=Sing|Person=3|VerbForm=Fin
xerografe	xerografar	Mood=Sub|Number=Sing|Person=1|Tense=Pres|VerbForm=Fin
xerografe	xerografar	Mood=Sub|Number=Sing|Person=3|Tense=Pres|VerbForm=Fin
xerografei	xerografar	Mood=Ind|Number=Sing|Person=1|Tense=Past|VerbForm=Fin
xerografeis	xerografar	Mood=Sub|Number=Plur|Person=2|Tense=Pres|VerbForm=Fin
xerografem	xerografar	Mood=Imp|Number=Plur|Person=3|VerbForm=Fin
xerografem	xerografar	Mood=Sub|Number=Plur|Person=3|Tense=Pres|VerbForm=Fin
xerografemos	xerografar	Mood=Imp|Number=Plur|Person=1|VerbForm=Fin
xerografemos	xerografar	Mood=Sub|Number=Plur|Person=1|Tense=Pres|VerbForm=Fin
xerografes	xerografar	Mood=Sub|Number=Sing|Person=2|Tense=Pres|VerbForm=Fin
xerografo	xerografar	Mood=Ind|Number=Sing|Person=1|Tense=Pres|VerbForm=Fin
xerografou	xerografar	Mood=Ind|Number=Sing|Person=3|Tense=Past|VerbForm=Fin
xerografáramos	xerografar	Mood=Ind|Number=Plur|Person=1|Tense=Pqp|VerbForm=Fin
xerografáreis	xerografar	Mood=Ind|Number=Plur|Person=2|Tense=Pqp|VerbForm=Fin
xerografásseis	xerografar	Mood=Sub|Number=Plur|Person=2|Tense=Past|VerbForm=Fin
xerografássemos	xerografar	Mood=Sub|Number=Plur|Person=1|Tense=Past|VerbForm=Fin
xerografávamos	xerografar	Mood=Ind|Number=Plur|Person=1|Tense=Imp|VerbForm=Fin
xerografáveis	xerografar	Mood=Ind|Number=Plur|Person=2|Tense=Imp|VerbForm=Fin
xeroque	xerocar	Mood=Imp|Number=Sing|Person=3|VerbForm=Fin
xeroque	xerocar	Mood=Sub|Number=Sing|Person=1|Tense=Pres|VerbForm=Fin
xeroque	xerocar	Mood=Sub|Number=Sing|Person=3|Tense=Pres|VerbForm=Fin
xeroquei	xerocar	Mood=Ind|Number=Sing|Person=1|Tense=Past|VerbForm=Fin
xeroqueis	xerocar	Mood=Sub|Number=Plur|Person=2|Tense=Pres|VerbForm=Fin
xeroquem	xerocar	Mood=Imp|Number=Plur|Person=3|VerbForm=Fin
xeroquem	xerocar	Mood=Sub|Number=Plur|Person=3|Tense=Pres|VerbForm=Fin
xeroquemos	xerocar	Mood=Imp|Number=Plur|Person=1|VerbForm=Fin
xeroquemos	xerocar	Mood=Sub|Number=Plur|Person=1|Tense=Pres|VerbForm=Fin
xeroques	xerocar	Mood=Sub|Number=Sing|Person=2|Tense=Pres|VerbForm=Fin
xeroxa	xeroxar	Mood=Imp|Number=Sing|Person=2|VerbForm=Fin
xeroxa	xeroxar	Mood=Ind|Number=Sing|Person=3|Tense=Pres|VerbForm=Fin
xeroxada	xeroxar	Gender=Fem|Number=Sing|VerbForm=Part
xeroxadas	xeroxar	Gender=Fem|Number=Plur|VerbForm=Part
xeroxado	xeroxar	Gender=Masc|Number=Sing|VerbForm=Part
xeroxados	xeroxar	Gender=Masc|Number=Plur|VerbForm=Part
xeroxai	xeroxar	Mood=Imp|Number=Plur|Person=2|VerbForm=Fin
xeroxais	xeroxar	Mood=Ind|Number=Plur|Person=2|Tense=Pres|VerbForm=Fin
xeroxam	xeroxar	Mood=Ind|Number=Plur|Person=3|Tense=Pres|VerbForm=Fin
xeroxamos	xeroxar	Mood=Ind|Number=Plur|Person=1|Tense=Past|VerbForm=Fin
xeroxamos	xeroxar	Mood=Ind|Number=Plur|Person=1|Tense=Pres|VerbForm=Fin
xeroxando	xeroxar	VerbForm=Ger
xeroxar	xeroxar	Mood=Sub|Number=Sing|Person=1|Tense=Fut|VerbForm=Fin
xeroxar	xeroxar	Mood=Sub|Number=Sing|Person=3|Tense=Fut|VerbForm=Fin
xeroxar	xeroxar	Number=Sing|Person=1|VerbForm=Inf
xeroxar	xeroxar	Number=Sing|Person=3|VerbForm=Inf
xeroxar	xeroxar	VerbForm=Inf
xeroxara	xeroxar	Mood=Ind|Number=Sing|Person=1|Tense=Pqp|VerbForm=Fin
xeroxara	xeroxar	Mood=Ind|Number=Sing|Person=3|Tense=Pqp|VerbForm=Fin
xeroxaram	xeroxar	Mood=Ind|Number=Plur|Person=3|Tense=Past|VerbForm=Fin
xeroxaram	xeroxar	Mood=Ind|Number=Plur|Person=3|Tense=Pqp|VerbForm=Fin
xeroxaras	xeroxar	Mood=Ind|Number=Sing|Person=2|Tense=Pqp|VerbForm=Fin
xeroxardes	xeroxar	Mood=Sub|Number=Plur|Person=2|Tense=Fut|VerbForm=Fin
xeroxardes	xeroxar	Number=Plur|Person=2|VerbForm=Inf
xeroxarei	xeroxar	Mood=Ind|Number=Sing|Person=1|Tense=Fut|VerbForm=Fin
xeroxareis	xeroxar	Mood=Ind|Number=Plur|Person=2|Tense=Fut|VerbForm=Fin
xeroxarem	xeroxar	Mood=Sub|Number=Plur|Person=3|Tense=Fut|VerbForm=Fin
xeroxarem	xeroxar	Number=Plur|Person=3|VerbForm=Inf
xeroxaremos	xeroxar	Mood=Ind|Number=Plur|Person=1|Tense=Fut|VerbForm=Fin
xeroxares	xeroxar	Mood=Sub|Number=Sing|Person=2|Tense=Fut|VerbForm=Fin
xeroxares	xeroxar	Number=Sing|Person=2|VerbForm=Inf
xeroxaria	xeroxar	Mood=Cnd|Number=Sing|Person=1|VerbForm=Fin
xeroxaria	xeroxar	Mood=Cnd|Number=Sing|Person=3|VerbForm=Fin
xeroxariam	xeroxar	Mood=Cnd|Number=Plur|Person=3|VerbForm=Fin
xeroxarias	xeroxar	Mood=Cnd|Number=Sing|Person=2|VerbForm=Fin
xeroxarmos	xeroxar	Mood=Sub|Number=Plur|Person=1|Tense=Fut|VerbForm=Fin
xeroxarmos	xeroxar	Number=Plur|Person=1|VerbForm=Inf
xeroxará	xeroxar	Mood=Ind|Number=Sing|Person=3|Tense=Fut|VerbForm=Fin
xeroxarás	xeroxar	Mood=Ind|Number=Sing|Person=2|Tense=Fut|VerbForm=Fin
xeroxarão	xeroxar	Mood=Ind|Number=Plur|Person=3|Tense=Fut|VerbForm=Fin
xeroxaríamos	xeroxar	Mood=Cnd|Number=Plur|Person=1|VerbForm=Fin
xeroxaríeis	xeroxar	Mood=Cnd|Number=Plur|Person=2|VerbForm=Fin
xeroxas	xeroxar	Mood=Ind|Number=Sing|Person=2|Tense=Pres|VerbForm=Fin
xeroxasse	xeroxar	Mood=Sub|Number=Sing|Person=1|Tense=Past|VerbForm=Fin
xeroxasse	xeroxar	Mood=Sub|Number=Sing|Person=3|Tense=Past|VerbForm=Fin
xeroxassem	xeroxar	Mood=Sub|Number=Plur|Person=3|Tense=Past|VerbForm=Fin
xeroxasses	xeroxar	Mood=Sub|Number=Sing|Person=2|Tense=Past|VerbForm=Fin
xeroxaste	xeroxar	Mood=Ind|Number=Sing|Person=2|Tense=Past|VerbForm=Fin
xeroxastes	xeroxar	Mood=Ind|Number=Plur|Person=2|Tense=Past|VerbForm=Fin
xeroxava	xeroxar	Mood=Ind|Number=Sing|Person=1|Tense=Imp|VerbForm=Fin
xeroxava	xeroxar	Mood=Ind|Number=Sing|Person=3|Tense=Imp|VerbForm=Fin
xeroxavam	xeroxar	Mood=Ind|Number=Plur|Person=3|Tense=Imp|VerbForm=Fin
xeroxavas	xeroxar	Mood=Ind|Number=Sing|Person=2|Tense=Imp|VerbForm=Fin
xeroxe	xeroxar	Mood=Imp|Number=Sing|Person=3|VerbForm=Fin
xeroxe	xeroxar	Mood=Sub|Number=Sing|Person=1|Tense=Pres|VerbForm=Fin
xeroxe	xeroxar	Mood=Sub|Number=Sing|Person=3|Tense=Pres|VerbForm=Fin
xeroxei	xeroxar	Mood=Ind|Number=Sing|Person=1|Tense=Past|VerbForm=Fin
xeroxeis	xeroxar	Mood=Sub|Number=Plur|Person=2|Tense=Pres|VerbForm=Fin
xeroxem	xeroxar	Mood=Imp|Number=Plur|Person=3|VerbForm=Fin
xeroxem	xeroxar	Mood=Sub|Number=Plur|Person=3|Tense=Pres|VerbForm=Fin
xeroxemos	xeroxar	Mood=Imp|Number=Plur|Person=1|VerbForm=Fin
xeroxemos	xeroxar	Mood=Sub|Number=Plur|Person=1|Tense=Pres|VerbForm=Fin
xeroxes	xeroxar	Mood=Sub|Number=Sing|Person=2|Tense=Pres|VerbForm=Fin
xeroxo	xeroxar	Mood=Ind|Number=Sing|Person=1|Tense=Pres|VerbForm=Fin
xeroxou	xeroxar	Mood=Ind|Number=Sing|Person=3|Tense=Past|VerbForm=Fin
xeroxáramos	xeroxar	Mood=Ind|Number=Plur|Person=1|Tense=Pqp|VerbForm=Fin
xeroxáreis	xeroxar	Mood=Ind|Number=Plur|Person=2|Tense=Pqp|VerbForm=Fin
xeroxásseis	xeroxar	Mood=Sub|Number=Plur|Person=2|Tense=Past|VerbForm=Fin
xeroxássemos	xeroxar	Mood=Sub|Number=Plur|Person=1|Tense=Past|VerbForm=Fin
xeroxávamos	xeroxar	Mood=Ind|Number=Plur|Person=1|Tense=Imp|VerbForm=Fin
xeroxáveis	xeroxar	Mood=Ind|Number=Plur|Person=2|Tense=Imp|VerbForm=Fin
xetra	xetrar	Mood=Imp|Number=Sing|Person=2|VerbForm=Fin
xetra	xetrar	Mood=Ind|Number=Sing|Person=3|Tense=Pres|VerbForm=Fin
xetrada	xetrar	Gender=Fem|Number=Sing|VerbForm=Part
xetradas	xetrar	Gender=Fem|Number=Plur|VerbForm=Part
xetrado	xetrar	Gender=Masc|Number=Sing|VerbForm=Part
xetrados	xetrar	Gender=Masc|Number=Plur|VerbForm=Part
xetrai	xetrar	Mood=Imp|Number=Plur|Person=2|VerbForm=Fin
xetrais	xetrar	Mood=Ind|Number=Plur|Person=2|Tense=Pres|VerbForm=Fin
xetram	xetrar	Mood=Ind|Number=Plur|Person=3|Tense=Pres|VerbForm=Fin
xetramos	xetrar	Mood=Ind|Number=Plur|Person=1|Tense=Past|VerbForm=Fin
xetramos	xetrar	Mood=Ind|Number=Plur|Person=1|Tense=Pres|VerbForm=Fin
xetrando	xetrar	VerbForm=Ger
xetrar	xetrar	Mood=Sub|Number=Sing|Person=1|Tense=Fut|VerbForm=Fin
xetrar	xetrar	Mood=Sub|Number=Sing|Person=3|Tense=Fut|VerbForm=Fin
xetrar	xetrar	Number=Sing|Person=1|VerbForm=Inf
xetrar	xetrar	Number=Sing|Person=3|VerbForm=Inf
xetrar	xetrar	VerbForm=Inf
xetrara	xetrar	Mood=Ind|Number=Sing|Person=1|Tense=Pqp|VerbForm=Fin
xetrara	xetrar	Mood=Ind|Number=Sing|Person=3|Tense=Pqp|VerbForm=Fin
xetraram	xetrar	Mood=Ind|Number=Plur|Person=3|Tense=Past|VerbForm=Fin
xetraram	xetrar	Mood=Ind|Number=Plur|Person=3|Tense=Pqp|VerbForm=Fin
xetraras	xetrar	Mood=Ind|Number=Sing|Person=2|Tense=Pqp|VerbForm=Fin
xetrardes	xetrar	Mood=Sub|Number=Plur|Person=2|Tense=Fut|VerbForm=Fin
xetrardes	xetrar	Number=Plur|Person=2|VerbForm=Inf
xetrarei	xetrar	Mood=Ind|Number=Sing|Person=1|Tense=Fut|VerbForm=Fin
xetrareis	xetrar	Mood=Ind|Number=Plur|Person=2|Tense=Fut|VerbForm=Fin
xetrarem	xetrar	Mood=Sub|Number=Plur|Person=3|Tense=Fut|VerbForm=Fin
xetrarem	xetrar	Number=Plur|Person=3|VerbForm=Inf
xetraremos	xetrar	Mood=Ind|Number=Plur|Person=1|Tense=Fut|VerbForm=Fin
xetrares	xetrar	Mood=Sub|Number=Sing|Person=2|Tense=Fut|VerbForm=Fin
xetrares	xetrar	Number=Sing|Person=2|VerbForm=Inf
xetraria	xetrar	Mood=Cnd|Number=Sing|Person=1|VerbForm=Fin
xetraria	xetrar	Mood=Cnd|Number=Sing|Person=3|VerbForm=Fin
xetrariam	xetrar	Mood=Cnd|Number=Plur|Person=3|VerbForm=Fin
xetrarias	xetrar	Mood=Cnd|Number=Sing|Person=2|VerbForm=Fin
xetrarmos	xetrar	Mood=Sub|Number=Plur|Person=1|Tense=Fut|VerbForm=Fin
xetrarmos	xetrar	Number=Plur|Person=1|VerbForm=Inf
xetrará	xetrar	Mood=Ind|Number=Sing|Person=3|Tense=Fut|VerbForm=Fin
xetrarás	xetrar	Mood=Ind|Number=Sing|Person=2|Tense=Fut|VerbForm=Fin
xetrarão	xetrar	Mood=Ind|Number=Plur|Person=3|Tense=Fut|VerbForm=Fin
xetraríamos	xetrar	Mood=Cnd|Number=Plur|Person=1|VerbForm=Fin
xetraríeis	xetrar	Mood=Cnd|Number=Plur|Person=2|VerbForm=Fin
xetras	xetrar	Mood=Ind|Number=Sing|Person=2|Tense=Pres|VerbForm=Fin
xetrasse	xetrar	Mood=Sub|Number=Sing|Person=1|Tense=Past|VerbForm=Fin
xetrasse	xetrar	Mood=Sub|Number=Sing|Person=3|Tense=Past|VerbForm=Fin
xetrassem	xetrar	Mood=Sub|Number=Plur|Person=3|Tense=Past|VerbForm=Fin
xetrasses	xetrar	Mood=Sub|Number=Sing|Person=2|Tense=Past|VerbForm=Fin
xetraste	xetrar	Mood=Ind|Number=Sing|Person=2|Tense=Past|VerbForm=Fin
xetrastes	xetrar	Mood=Ind|Number=Plur|Person=2|Tense=Past|VerbForm=Fin
xetrava	xetrar	Mood=Ind|Number=Sing|Person=1|Tense=Imp|VerbForm=Fin
xetrava	xetrar	Mood=Ind|Number=Sing|Person=3|Tense=Imp|VerbForm=Fin
xetravam	xetrar	Mood=Ind|Number=Plur|Person=3|Tense=Imp|VerbForm=Fin
xetravas	xetrar	Mood=Ind|Number=Sing|Person=2|Tense=Imp|VerbForm=Fin
xetre	xetrar	Mood=Imp|Number=Sing|Person=3|VerbForm=Fin
xetre	xetrar	Mood=Sub|Number=Sing|Person=1|Tense=Pres|VerbForm=Fin
xetre	xetrar	Mood=Sub|Number=Sing|Person=3|Tense=Pres|VerbForm=Fin
xetrei	xetrar	Mood=Ind|Number=Sing|Person=1|Tense=Past|VerbForm=Fin
xetreis	xetrar	Mood=Sub|Number=Plur|Person=2|Tense=Pres|VerbForm=Fin
xetrem	xetrar	Mood=Imp|Number=Plur|Person=3|VerbForm=Fin
xetrem	xetrar	Mood=Sub|Number=Plur|Person=3|Tense=Pres|VerbForm=Fin
xetremos	xetrar	Mood=Imp|Number=Plur|Person=1|VerbForm=Fin
xetremos	xetrar	Mood=Sub|Number=Plur|Person=1|Tense=Pres|VerbForm=Fin
xetres	xetrar	Mood=Sub|Number=Sing|Person=2|Tense=Pres|VerbForm=Fin
xetro	xetrar	Mood=Ind|Number=Sing|Person=1|Tense=Pres|VerbForm=Fin
xetrou	xetrar	Mood=Ind|Number=Sing|Person=3|Tense=Past|VerbForm=Fin
xetráramos	xetrar	Mood=Ind|Number=Plur|Person=1|Tense=Pqp|VerbForm=Fin
xetráreis	xetrar	Mood=Ind|Number=Plur|Person=2|Tense=Pqp|VerbForm=Fin
xetrásseis	xetrar	Mood=Sub|Number=Plur|Person=2|Tense=Past|VerbForm=Fin
xetrássemos	xetrar	Mood=Sub|Number=Plur|Person=1|Tense=Past|VerbForm=Fin
xetrávamos	xetrar	Mood=Ind|Number=Plur|Person=1|Tense=Imp|VerbForm=Fin
xetráveis	xetrar	Mood=Ind|Number=Plur|Person=2|Tense=Imp|VerbForm=Fin
xilografa	xilografar	Mood=Imp|Number=Sing|Person=2|VerbForm=Fin
xilografa	xilografar	Mood=Ind|Number=Sing|Person=3|Tense=Pres|VerbForm=Fin
xilografada	xilografar	Gender=Fem|Number=Sing|VerbForm=Part
xilografadas	xilografar	Gender=Fem|Number=Plur|VerbForm=Part
xilografado	xilografar	Gender=Masc|Number=Sing|VerbForm=Part
xilografados	xilografar	Gender=Masc|Number=Plur|VerbForm=Part
xilografai	xilografar	Mood=Imp|Number=Plur|Person=2|VerbForm=Fin
xilografais	xilografar	Mood=Ind|Number=Plur|Person=2|Tense=Pres|VerbForm=Fin
xilografam	xilografar	Mood=Ind|Number=Plur|Person=3|Tense=Pres|VerbForm=Fin
xilografamos	xilografar	Mood=Ind|Number=Plur|Person=1|Tense=Past|VerbForm=Fin
xilografamos	xilografar	Mood=Ind|Number=Plur|Person=1|Tense=Pres|VerbForm=Fin
xilografando	xilografar	VerbForm=Ger
xilografar	xilografar	Mood=Sub|Number=Sing|Person=1|Tense=Fut|VerbForm=Fin
xilografar	xilografar	Mood=Sub|Number=Sing|Person=3|Tense=Fut|VerbForm=Fin
xilografar	xilografar	Number=Sing|Person=1|VerbForm=Inf
xilografar	xilografar	Number=Sing|Person=3|VerbForm=Inf
xilografar	xilografar	VerbForm=Inf
xilografara	xilografar	Mood=Ind|Number=Sing|Person=1|Tense=Pqp|VerbForm=Fin
xilografara	xilografar	Mood=Ind|Number=Sing|Person=3|Tense=Pqp|VerbForm=Fin
xilografaram	xilografar	Mood=Ind|Number=Plur|Person=3|Tense=Past|VerbForm=Fin
xilografaram	xilografar	Mood=Ind|Number=Plur|Person=3|Tense=Pqp|VerbForm=Fin
xilografaras	xilografar	Mood=Ind|Number=Sing|Person=2|Tense=Pqp|VerbForm=Fin
xilografardes	xilografar	Mood=Sub|Number=Plur|Person=2|Tense=Fut|VerbForm=Fin
xilografardes	xilografar	Number=Plur|Person=2|VerbForm=Inf
xilografarei	xilografar	Mood=Ind|Number=Sing|Person=1|Tense=Fut|VerbForm=Fin
xilografareis	xilografar	Mood=Ind|Number=Plur|Person=2|Tense=Fut|VerbForm=Fin
xilografarem	xilografar	Mood=Sub|Number=Plur|Person=3|Tense=Fut|VerbForm=Fin
xilografarem	xilografar	Number=Plur|Person=3|VerbForm=Inf
xilografaremos	xilografar	Mood=Ind|Number=Plur|Person=1|Tense=Fut|VerbForm=Fin
xilografares	xilografar	Mood=Sub|Number=Sing|Person=2|Tense=Fut|VerbForm=Fin
xilografares	xilografar	Number=Sing|Person=2|VerbForm=Inf
xilografaria	xilografar	Mood=Cnd|Number=Sing|Person=1|VerbForm=Fin
xilografaria	xilografar	Mood=Cnd|Number=Sing|Person=3|VerbForm=Fin
xilografariam	xilografar	Mood=Cnd|Number=Plur|Person=3|VerbForm=Fin
xilografarias	xilografar	Mood=Cnd|Number=Sing|Person=2|VerbForm=Fin
xilografarmos	xilografar	Mood=Sub|Number=Plur|Person=1|Tense=Fut|VerbForm=Fin
xilografarmos	xilografar	Number=Plur|Person=1|VerbForm=Inf
xilografará	xilografar	Mood=Ind|Number=Sing|Person=3|Tense=Fut|VerbForm=Fin
xilografarás	xilografar	Mood=Ind|Number=Sing|Person=2|Tense=Fut|VerbForm=Fin
xilografarão	xilografar	Mood=Ind|Number=Plur|Person=3|Tense=Fut|VerbForm=Fin
xilografaríamos	xilografar	Mood=Cnd|Number=Plur|Person=1|VerbForm=Fin
xilografaríeis	xilografar	Mood=Cnd|Number=Plur|Person=2|VerbForm=Fin
xilografas	xilografar	Mood=Ind|Number=Sing|Person=2|Tense=Pres|VerbForm=Fin
xilografasse	xilografar	Mood=Sub|Number=Sing|Person=1|Tense=Past|VerbForm=Fin
xilografasse	xilografar	Mood=Sub|Number=Sing|Person=3|Tense=Past|VerbForm=Fin
xilografassem	xilografar	Mood=Sub|Number=Plur|Person=3|Tense=Past|VerbForm=Fin
xilografasses	xilografar	Mood=Sub|Number=Sing|Person=2|Tense=Past|VerbForm=Fin
xilografaste	xilografar	Mood=Ind|Number=Sing|Person=2|Tense=Past|VerbForm=Fin
xilografastes	xilografar	Mood=Ind|Number=Plur|Person=2|Tense=Past|VerbForm=Fin
xilografava	xilografar	Mood=Ind|Number=Sing|Person=1|Tense=Imp|VerbForm=Fin
xilografava	xilografar	Mood=Ind|Number=Sing|Person=3|Tense=Imp|VerbForm=Fin
xilografavam	xilografar	Mood=Ind|Number=Plur|Person=3|Tense=Imp|VerbForm=Fin
xilografavas	xilografar	Mood=Ind|Number=Sing|Person=2|Tense=Imp|VerbForm=Fin
xilografe	xilografar	Mood=Imp|Number=Sing|Person=3|VerbForm=Fin
xilografe	xilografar	Mood=Sub|Number=Sing|Person=1|Tense=Pres|VerbForm=Fin
xilografe	xilografar	Mood=Sub|Number=Sing|Person=3|Tense=Pres|VerbForm=Fin
xilografei	xilografar	Mood=Ind|Number=Sing|Person=1|Tense=Past|VerbForm=Fin
xilografeis	xilografar	Mood=Sub|Number=Plur|Person=2|Tense=Pres|VerbForm=Fin
xilografem	xilografar	Mood=Imp|Number=Plur|Person=3|VerbForm=Fin
xilografem	xilografar	Mood=Sub|Number=Plur|Person=3|Tense=Pres|VerbForm=Fin
xilografemos	xilografar	Mood=Imp|Number=Plur|Person=1|VerbForm=Fin
xilografemos	xilografar	Mood=Sub|Number=Plur|Person=1|Tense=Pres|VerbForm=Fin
xilografes	xilografar	Mood=Sub|Number=Sing|Person=2|Tense=Pres|VerbForm=Fin
xilografo	xilografar	Mood=Ind|Number=Sing|Person=1|Tense=Pres|VerbForm=Fin
xilografou	xilografar	Mood=Ind|Number=Sing|Person=3|Tense=Past|VerbForm=Fin
xilografáramos	xilografar	Mood=Ind|Number=Plur|Person=1|Tense=Pqp|VerbForm=Fin
xilografáreis	xilografar	Mood=Ind|Number=Plur|Person=2|Tense=Pqp|VerbForm=Fin
xilografásseis	xilografar	Mood=Sub|Number=Plur|Person=2|Tense=Past|VerbForm=Fin
xilografássemos	xilografar	Mood=Sub|Number=Plur|Person=1|Tense=Past|VerbForm=Fin
xilografávamos	xilografar	Mood=Ind|Number=Plur|Person=1|Tense=Imp|VerbForm=Fin
xilografáveis	xilografar	Mood=Ind|Number=Plur|Person=2|Tense=Imp|VerbForm=Fin
xilograva	xilogravar	Mood=Imp|Number=Sing|Person=2|VerbForm=Fin
xilograva	xilogravar	Mood=Ind|Number=Sing|Person=3|Tense=Pres|VerbForm=Fin
xilogravada	xilogravar	Gender=Fem|Number=Sing|VerbForm=Part
xilogravadas	xilogravar	Gender=Fem|Number=Plur|VerbForm=Part
xilogravado	xilogravar	Gender=Masc|Number=Sing|VerbForm=Part
xilogravados	xilogravar	Gender=Masc|Number=Plur|VerbForm=Part
xilogravai	xilogravar	Mood=Imp|Number=Plur|Person=2|VerbForm=Fin
xilogravais	xilogravar	Mood=Ind|Number=Plur|Person=2|Tense=Pres|VerbForm=Fin
xilogravam	xilogravar	Mood=Ind|Number=Plur|Person=3|Tense=Pres|VerbForm=Fin
xilogravamos	xilogravar	Mood=Ind|Number=Plur|Person=1|Tense=Past|VerbForm=Fin
xilogravamos	xilogravar	Mood=Ind|Number=Plur|Person=1|Tense=Pres|VerbForm=Fin
xilogravando	xilogravar	VerbForm=Ger
xilogravar	xilogravar	Mood=Sub|Number=Sing|Person=1|Tense=Fut|VerbForm=Fin
xilogravar	xilogravar	Mood=Sub|Number=Sing|Person=3|Tense=Fut|VerbForm=Fin
xilogravar	xilogravar	Number=Sing|Person=1|VerbForm=Inf
xilogravar	xilogravar	Number=Sing|Person=3|VerbForm=Inf
xilogravar	xilogravar	VerbForm=Inf
xilogravara	xilogravar	Mood=Ind|Number=Sing|Person=1|Tense=Pqp|VerbForm=Fin
xilogravara	xilogravar	Mood=Ind|Number=Sing|Person=3|Tense=Pqp|VerbForm=Fin
xilogravaram	xilogravar	Mood=Ind|Number=Plur|Person=3|Tense=Past|VerbForm=Fin
xilogravaram	xilogravar	Mood=Ind|Number=Plur|Person=3|Tense=Pqp|VerbForm=Fin
xilogravaras	xilogravar	Mood=Ind|Number=Sing|Person=2|Tense=Pqp|VerbForm=Fin
xilogravardes	xilogravar	Mood=Sub|Number=Plur|Person=2|Tense=Fut|VerbForm=Fin
xilogravardes	xilogravar	Number=Plur|Person=2|VerbForm=Inf
xilogravarei	xilogravar	Mood=Ind|Number=Sing|Person=1|Tense=Fut|VerbForm=Fin
xilogravareis	xilogravar	Mood=Ind|Number=Plur|Person=2|Tense=Fut|VerbForm=Fin
xilogravarem	xilogravar	Mood=Sub|Number=Plur|Person=3|Tense=Fut|VerbForm=Fin
xilogravarem	xilogravar	Number=Plur|Person=3|VerbForm=Inf
xilogravaremos	xilogravar	Mood=Ind|Number=Plur|Person=1|Tense=Fut|VerbForm=Fin
xilogravares	xilogravar	Mood=Sub|Number=Sing|Person=2|Tense=Fut|VerbForm=Fin
xilogravares	xilogravar	Number=Sing|Person=2|VerbForm=Inf
xilogravaria	xilogravar	Mood=Cnd|Number=Sing|Person=1|VerbForm=Fin
xilogravaria	xilogravar	Mood=Cnd|Number=Sing|Person=3|VerbForm=Fin
xilogravariam	xilogravar	Mood=Cnd|Number=Plur|Person=3|VerbForm=Fin
xilogravarias	xilogravar	Mood=Cnd|Number=Sing|Person=2|VerbForm=Fin
xilogravarmos	xilogravar	Mood=Sub|Number=Plur|Person=1|Tense=Fut|VerbForm=Fin
xilogravarmos	xilogravar	Number=Plur|Person=1|VerbForm=Inf
xilogravará	xilogravar	Mood=Ind|Number=Sing|Person=3|Tense=Fut|VerbForm=Fin
xilogravarás	xilogravar	Mood=Ind|Number=Sing|Person=2|Tense=Fut|VerbForm=Fin
xilogravarão	xilogravar	Mood=Ind|Number=Plur|Person=3|Tense=Fut|VerbForm=Fin
xilogravaríamos	xilogravar	Mood=Cnd|Number=Plur|Person=1|VerbForm=Fin
xilogravaríeis	xilogravar	Mood=Cnd|Number=Plur|Person=2|VerbForm=Fin
xilogravas	xilogravar	Mood=Ind|Number=Sing|Person=2|Tense=Pres|VerbForm=Fin
xilogravasse	xilogravar	Mood=Sub|Number=Sing|Person=1|Tense=Past|VerbForm=Fin
xilogravasse	xilogravar	Mood=Sub|Number=Sing|Person=3|Tense=Past|VerbForm=Fin
xilogravassem	xilogravar	Mood=Sub|Number=Plur|Person=3|Tense=Past|VerbForm=Fin
xilogravasses	xilogravar	Mood=Sub|Number=Sing|Person=2|Tense=Past|VerbForm=Fin
xilogravaste	xilogravar	Mood=Ind|Number=Sing|Person=2|Tense=Past|VerbForm=Fin
xilogravastes	xilogravar	Mood=Ind|Number=Plur|Person=2|Tense=Past|VerbForm=Fin
xilogravava	xilogravar	Mood=Ind|Number=Sing|Person=1|Tense=Imp|VerbForm=Fin
xilogravava	xilogravar	Mood=Ind|Number=Sing|Person=3|Tense=Imp|VerbForm=Fin
xilogravavam	xilogravar	Mood=Ind|Number=Plur|Person=3|Tense=Imp|VerbForm=Fin
xilogravavas	xilogravar	Mood=Ind|Number=Sing|Person=2|Tense=Imp|VerbForm=Fin
xilograve	xilogravar	Mood=Imp|Number=Sing|Person=3|VerbForm=Fin
xilograve	xilogravar	Mood=Sub|Number=Sing|Person=1|Tense=Pres|VerbForm=Fin
xilograve	xilogravar	Mood=Sub|Number=Sing|Person=3|Tense=Pres|VerbForm=Fin
xilogravei	xilogravar	Mood=Ind|Number=Sing|Person=1|Tense=Past|VerbForm=Fin
xilograveis	xilogravar	Mood=Sub|Number=Plur|Person=2|Tense=Pres|VerbForm=Fin
xilogravem	xilogravar	Mood=Imp|Number=Plur|Person=3|VerbForm=Fin
xilogravem	xilogravar	Mood=Sub|Number=Plur|Person=3|Tense=Pres|VerbForm=Fin
xilogravemos	xilogravar	Mood=Imp|Number=Plur|Person=1|VerbForm=Fin
xilogravemos	xilogravar	Mood=Sub|Number=Plur|Person=1|Tense=Pres|VerbForm=Fin
xilograves	xilogravar	Mood=Sub|Number=Sing|Person=2|Tense=Pres|VerbForm=Fin
xilogravo	xilogravar	Mood=Ind|Number=Sing|Person=1|Tense=Pres|VerbForm=Fin
xilogravou	xilogravar	Mood=Ind|Number=Sing|Person=3|Tense=Past|VerbForm=Fin
xilograváramos	xilogravar	Mood=Ind|Number=Plur|Person=1|Tense=Pqp|VerbForm=Fin
xilograváreis	xilogravar	Mood=Ind|Number=Plur|Person=2|Tense=Pqp|VerbForm=Fin
xilogravásseis	xilogravar	Mood=Sub|Number=Plur|Person=2|Tense=Past|VerbForm=Fin
xilogravássemos	xilogravar	Mood=Sub|Number=Plur|Person=1|Tense=Past|VerbForm=Fin
xilogravávamos	xilogravar	Mood=Ind|Number=Plur|Person=1|Tense=Imp|VerbForm=Fin
xilograváveis	xilogravar	Mood=Ind|Number=Plur|Person=2|Tense=Imp|VerbForm=Fin
xinga	xingar	Mood=Imp|Number=Sing|Person=2|VerbForm=Fin
xinga	xingar	Mood=Ind|Number=Sing|Person=3|Tense=Pres|VerbForm=Fin
xingada	xingar	Gender=Fem|Number=Sing|VerbForm=Part
xingadas	xingar	Gender=Fem|Number=Plur|VerbForm=Part
xingado	xingar	Gender=Masc|Number=Sing|VerbForm=Part
xingados	xingar	Gender=Masc|Number=Plur|VerbForm=Part
xingai	xingar	Mood=Imp|Number=Plur|Person=2|VerbForm=Fin
xingais	xingar	Mood=Ind|Number=Plur|Person=2|Tense=Pres|VerbForm=Fin
xingam	xingar	Mood=Ind|Number=Plur|Person=3|Tense=Pres|VerbForm=Fin
xingamos	xingar	Mood=Ind|Number=Plur|Person=1|Tense=Past|VerbForm=Fin
xingamos	xingar	Mood=Ind|Number=Plur|Person=1|Tense=Pres|VerbForm=Fin
xingando	xingar	VerbForm=Ger
xingar	xingar	Mood=Sub|Number=Sing|Person=1|Tense=Fut|VerbForm=Fin
xingar	xingar	Mood=Sub|Number=Sing|Person=3|Tense=Fut|VerbForm=Fin
xingar	xingar	Number=Sing|Person=1|VerbForm=Inf
xingar	xingar	Number=Sing|Person=3|VerbForm=Inf
xingar	xingar	VerbForm=Inf
xingara	xingar	Mood=Ind|Number=Sing|Person=1|Tense=Pqp|VerbForm=Fin
xingara	xingar	Mood=Ind|Number=Sing|Person=3|Tense=Pqp|VerbForm=Fin
xingaram	xingar	Mood=Ind|Number=Plur|Person=3|Tense=Past|VerbForm=Fin
xingaram	xingar	Mood=Ind|Number=Plur|Person=3|Tense=Pqp|VerbForm=Fin
xingaras	xingar	Mood=Ind|Number=Sing|Person=2|Tense=Pqp|VerbForm=Fin
xingardes	xingar	Mood=Sub|Number=Plur|Person=2|Tense=Fut|VerbForm=Fin
xingardes	xingar	Number=Plur|Person=2|VerbForm=Inf
xingarei	xingar	Mood=Ind|Number=Sing|Person=1|Tense=Fut|VerbForm=Fin
xingareis	xingar	Mood=Ind|Number=Plur|Person=2|Tense=Fut|VerbForm=Fin
xingarem	xingar	Mood=Sub|Number=Plur|Person=3|Tense=Fut|VerbForm=Fin
xingarem	xingar	Number=Plur|Person=3|VerbForm=Inf
xingaremos	xingar	Mood=Ind|Number=Plur|Person=1|Tense=Fut|VerbForm=Fin
xingares	xingar	Mood=Sub|Number=Sing|Person=2|Tense=Fut|VerbForm=Fin
xingares	xingar	Number=Sing|Person=2|VerbForm=Inf
xingaria	xingar	Mood=Cnd|Number=Sing|Person=1|VerbForm=Fin
xingaria	xingar	Mood=Cnd|Number=Sing|Person=3|VerbForm=Fin
xingariam	xingar	Mood=Cnd|Number=Plur|Person=3|VerbForm=Fin
xingarias	xingar	Mood=Cnd|Number=Sing|Person=2|VerbForm=Fin
xingarmos	xingar	Mood=Sub|Number=Plur|Person=1|Tense=Fut|VerbForm=Fin
xingarmos	xingar	Number=Plur|Person=1|VerbForm=Inf
xingará	xingar	Mood=Ind|Number=Sing|Person=3|Tense=Fut|VerbForm=Fin
xingarás	xingar	Mood=Ind|Number=Sing|Person=2|Tense=Fut|VerbForm=Fin
xingarão	xingar	Mood=Ind|Number=Plur|Person=3|Tense=Fut|VerbForm=Fin
xingaríamos	xingar	Mood=Cnd|Number=Plur|Person=1|VerbForm=Fin
xingaríeis	xingar	Mood=Cnd|Number=Plur|Person=2|VerbForm=Fin
xingas	xingar	Mood=Ind|Number=Sing|Person=2|Tense=Pres|VerbForm=Fin
xingasse	xingar	Mood=Sub|Number=Sing|Person=1|Tense=Past|VerbForm=Fin
xingasse	xingar	Mood=Sub|Number=Sing|Person=3|Tense=Past|VerbForm=Fin
xingassem	xingar	Mood=Sub|Number=Plur|Person=3|Tense=Past|VerbForm=Fin
xingasses	xingar	Mood=Sub|Number=Sing|Person=2|Tense=Past|VerbForm=Fin
xingaste	xingar	Mood=Ind|Number=Sing|Person=2|Tense=Past|VerbForm=Fin
xingastes	xingar	Mood=Ind|Number=Plur|Person=2|Tense=Past|VerbForm=Fin
xingava	xingar	Mood=Ind|Number=Sing|Person=1|Tense=Imp|VerbForm=Fin
xingava	xingar	Mood=Ind|Number=Sing|Person=3|Tense=Imp|VerbForm=Fin
xingavam	xingar	Mood=Ind|Number=Plur|Person=3|Tense=Imp|VerbForm=Fin
xingavas	xingar	Mood=Ind|Number=Sing|Person=2|Tense=Imp|VerbForm=Fin
xingo	xingar	Mood=Ind|Number=Sing|Person=1|Tense=Pres|VerbForm=Fin
xingou	xingar	Mood=Ind|Number=Sing|Person=3|Tense=Past|VerbForm=Fin
xingue	xingar	Mood=Imp|Number=Sing|Person=3|VerbForm=Fin
xingue	xingar	Mood=Sub|Number=Sing|Person=1|Tense=Pres|VerbForm=Fin
xingue	xingar	Mood=Sub|Number=Sing|Person=3|Tense=Pres|VerbForm=Fin
xinguei	xingar	Mood=Ind|Number=Sing|Person=1|Tense=Past|VerbForm=Fin
xingueis	xingar	Mood=Sub|Number=Plur|Person=2|Tense=Pres|VerbForm=Fin
xinguem	xingar	Mood=Imp|Number=Plur|Person=3|VerbForm=Fin
xinguem	xingar	Mood=Sub|Number=Plur|Person=3|Tense=Pres|VerbForm=Fin
xinguemos	xingar	Mood=Imp|Number=Plur|Person=1|VerbForm=Fin
xinguemos	xingar	Mood=Sub|Number=Plur|Person=1|Tense=Pres|VerbForm=Fin
xingues	xingar	Mood=Sub|Number=Sing|Person=2|Tense=Pres|VerbForm=Fin
xingáramos	xingar	Mood=Ind|Number=Plur|Person=1|Tense=Pqp|VerbForm=Fin
xingáreis	xingar	Mood=Ind|Number=Plur|Person=2|Tense=Pqp|VerbForm=Fin
xingásseis	xingar	Mood=Sub|Number=Plur|Person=2|Tense=Past|VerbForm=Fin
xingássemos	xingar	Mood=Sub|Number=Plur|Person=1|Tense=Past|VerbForm=Fin
xingávamos	xingar	Mood=Ind|Number=Plur|Person=1|Tense=Imp|VerbForm=Fin
xingáveis	xingar	Mood=Ind|Number=Plur|Person=2|Tense=Imp|VerbForm=Fin
xumberga	xumbergar	Mood=Imp|Number=Sing|Person=2|VerbForm=Fin
xumberga	xumbergar	Mood=Ind|Number=Sing|Person=3|Tense=Pres|VerbForm=Fin
xumbergada	xumbergar	Gender=Fem|Number=Sing|VerbForm=Part
xumbergadas	xumbergar	Gender=Fem|Number=Plur|VerbForm=Part
xumbergado	xumbergar	Gender=Masc|Number=Sing|VerbForm=Part
xumbergados	xumbergar	Gender=Masc|Number=Plur|VerbForm=Part
xumbergai	xumbergar	Mood=Imp|Number=Plur|Person=2|VerbForm=Fin
xumbergais	xumbergar	Mood=Ind|Number=Plur|Person=2|Tense=Pres|VerbForm=Fin
xumbergam	xumbergar	Mood=Ind|Number=Plur|Person=3|Tense=Pres|VerbForm=Fin
xumbergamos	xumbergar	Mood=Ind|Number=Plur|Person=1|Tense=Past|VerbForm=Fin
xumbergamos	xumbergar	Mood=Ind|Number=Plur|Person=1|Tense=Pres|VerbForm=Fin
xumbergando	xumbergar	VerbForm=Ger
xumbergar	xumbergar	Mood=Sub|Number=Sing|Person=1|Tense=Fut|VerbForm=Fin
xumbergar	xumbergar	Mood=Sub|Number=Sing|Person=3|Tense=Fut|VerbForm=Fin
xumbergar	xumbergar	Number=Sing|Person=1|VerbForm=Inf
xumbergar	xumbergar	Number=Sing|Person=3|VerbForm=Inf
xumbergar	xumbergar	VerbForm=Inf
xumbergara	xumbergar	Mood=Ind|Number=Sing|Person=1|Tense=Pqp|VerbForm=Fin
xumbergara	xumbergar	Mood=Ind|Number=Sing|Person=3|Tense=Pqp|VerbForm=Fin
xumbergaram	xumbergar	Mood=Ind|Number=Plur|Person=3|Tense=Past|VerbForm=Fin
xumbergaram	xumbergar	Mood=Ind|Number=Plur|Person=3|Tense=Pqp|VerbForm=Fin
xumbergaras	xumbergar	Mood=Ind|Number=Sing|Person=2|Tense=Pqp|VerbForm=Fin
xumbergardes	xumbergar	Mood=Sub|Number=Plur|Person=2|Tense=Fut|VerbForm=Fin
xumbergardes	xumbergar	Number=Plur|Person=2|VerbForm=Inf
xumbergarei	xumbergar	Mood=Ind|Number=Sing|Person=1|Tense=Fut|VerbForm=Fin
xumbergareis	xumbergar	Mood=Ind|Number=Plur|Person=2|Tense=Fut|VerbForm=Fin
xumbergarem	xumbergar	Mood=Sub|Number=Plur|Person=3|Tense=Fut|VerbForm=Fin
xumbergarem	xumbergar	Number=Plur|Person=3|VerbForm=Inf
xumbergaremos	xumbergar	Mood=Ind|Number=Plur|Person=1|Tense=Fut|VerbForm=Fin
xumbergares	xumbergar	Mood=Sub|Number=Sing|Person=2|Tense=Fut|VerbForm=Fin
xumbergares	xumbergar	Number=Sing|Person=2|VerbForm=Inf
xumbergaria	xumbergar	Mood=Cnd|Number=Sing|Person=1|VerbForm=Fin
xumbergaria	xumbergar	Mood=Cnd|Number=Sing|Person=3|VerbForm=Fin
xumbergariam	xumbergar	Mood=Cnd|Number=Plur|Person=3|VerbForm=Fin
xumbergarias	xumbergar	Mood=Cnd|Number=Sing|Person=2|VerbForm=Fin
xumbergarmos	xumbergar	Mood=Sub|Number=Plur|Person=1|Tense=Fut|VerbForm=Fin
xumbergarmos	xumbergar	Number=Plur|Person=1|VerbForm=Inf
xumbergará	xumbergar	Mood=Ind|Number=Sing|Person=3|Tense=Fut|VerbForm=Fin
xumbergarás	xumbergar	Mood=Ind|Number=Sing|Person=2|Tense=Fut|VerbForm=Fin
xumbergarão	xumbergar	Mood=Ind|Number=Plur|Person=3|Tense=Fut|VerbForm=Fin
xumbergaríamos	xumbergar	Mood=Cnd|Number=Plur|Person=1|VerbForm=Fin
xumbergaríeis	xumbergar	Mood=Cnd|Number=Plur|Person=2|VerbForm=Fin
xumbergas	xumbergar	Mood=Ind|Number=Sing|Person=2|Tense=Pres|VerbForm=Fin
xumbergasse	xumbergar	Mood=Sub|Number=Sing|Person=1|Tense=Past|VerbForm=Fin
xumbergasse	xumbergar	Mood=Sub|Number=Sing|Person=3|Tense=Past|VerbForm=Fin
xumbergassem	xumbergar	Mood=Sub|Number=Plur|Person=3|Tense=Past|VerbForm=Fin
xumbergasses	xumbergar	Mood=Sub|Number=Sing|Person=2|Tense=Past|VerbForm=Fin
xumbergaste	xumbergar	Mood=Ind|Number=Sing|Person=2|Tense=Past|VerbForm=Fin
xumbergastes	xumbergar	Mood=Ind|Number=Plur|Person=2|Tense=Past|VerbForm=Fin
xumbergava	xumbergar	Mood=Ind|Number=Sing|Person=1|Tense=Imp|VerbForm=Fin
xumbergava	xumbergar	Mood=Ind|Number=Sing|Person=3|Tense=Imp|VerbForm=Fin
xumbergavam	xumbergar	Mood=Ind|Number=Plur|Person=3|Tense=Imp|VerbForm=Fin
xumbergavas	xumbergar	Mood=Ind|Number=Sing|Person=2|Tense=Imp|VerbForm=Fin
xumbergo	xumbergar	Mood=Ind|Number=Sing|Person=1|Tense=Pres|VerbForm=Fin
xumbergou	xumbergar	Mood=Ind|Number=Sing|Person=3|Tense=Past|VerbForm=Fin
xumbergue	xumbergar	Mood=Imp|Number=Sing|Person=3|VerbForm=Fin
xumbergue	xumbergar	Mood=Sub|Number=Sing|Person=1|Tense=Pres|VerbForm=Fin
xumbergue	xumbergar	Mood=Sub|Number=Sing|Person=3|Tense=Pres|VerbForm=Fin
xumberguei	xumbergar	Mood=Ind|Number=Sing|Person=1|Tense=Past|VerbForm=Fin
xumbergueis	xumbergar	Mood=Sub|Number=Plur|Person=2|Tense=Pres|VerbForm=Fin
xumberguem	xumbergar	Mood=Imp|Number=Plur|Person=3|VerbForm=Fin
xumberguem	xumbergar	Mood=Sub|Number=Plur|Person=3|Tense=Pres|VerbForm=Fin
xumberguemos	xumbergar	Mood=Imp|Number=Plur|Person=1|VerbForm=Fin
xumberguemos	xumbergar	Mood=Sub|Number=Plur|Person=1|Tense=Pres|VerbForm=Fin
xumbergues	xumbergar	Mood=Sub|Number=Sing|Person=2|Tense=Pres|VerbForm=Fin
xumbergáramos	xumbergar	Mood=Ind|Number=Plur|Person=1|Tense=Pqp|VerbForm=Fin
xumbergáreis	xumbergar	Mood=Ind|Number=Plur|Person=2|Tense=Pqp|VerbForm=Fin
xumbergásseis	xumbergar	Mood=Sub|Number=Plur|Person=2|Tense=Past|VerbForm=Fin
xumbergássemos	xumbergar	Mood=Sub|Number=Plur|Person=1|Tense=Past|VerbForm=Fin
xumbergávamos	xumbergar	Mood=Ind|Number=Plur|Person=1|Tense=Imp|VerbForm=Fin
xumbergáveis	xumbergar	Mood=Ind|Number=Plur|Person=2|Tense=Imp|VerbForm=Fin
xumbrega	xumbregar	Mood=Imp|Number=Sing|Person=2|VerbForm=Fin
xumbrega	xumbregar	Mood=Ind|Number=Sing|Person=3|Tense=Pres|VerbForm=Fin
xumbregada	xumbregar	Gender=Fem|Number=Sing|VerbForm=Part
xumbregadas	xumbregar	Gender=Fem|Number=Plur|VerbForm=Part
xumbregado	xumbregar	Gender=Masc|Number=Sing|VerbForm=Part
xumbregados	xumbregar	Gender=Masc|Number=Plur|VerbForm=Part
xumbregai	xumbregar	Mood=Imp|Number=Plur|Person=2|VerbForm=Fin
xumbregais	xumbregar	Mood=Ind|Number=Plur|Person=2|Tense=Pres|VerbForm=Fin
xumbregam	xumbregar	Mood=Ind|Number=Plur|Person=3|Tense=Pres|VerbForm=Fin
xumbregamos	xumbregar	Mood=Ind|Number=Plur|Person=1|Tense=Past|VerbForm=Fin
xumbregamos	xumbregar	Mood=Ind|Number=Plur|Person=1|Tense=Pres|VerbForm=Fin
xumbregando	xumbregar	VerbForm=Ger
xumbregar	xumbregar	Mood=Sub|Number=Sing|Person=1|Tense=Fut|VerbForm=Fin
xumbregar	xumbregar	Mood=Sub|Number=Sing|Person=3|Tense=Fut|VerbForm=Fin
xumbregar	xumbregar	Number=Sing|Person=1|VerbForm=Inf
xumbregar	xumbregar	Number=Sing|Person=3|VerbForm=Inf
xumbregar	xumbregar	VerbForm=Inf
xumbregara	xumbregar	Mood=Ind|Number=Sing|Person=1|Tense=Pqp|VerbForm=Fin
xumbregara	xumbregar	Mood=Ind|Number=Sing|Person=3|Tense=Pqp|VerbForm=Fin
xumbregaram	xumbregar	Mood=Ind|Number=Plur|Person=3|Tense=Past|VerbForm=Fin
xumbregaram	xumbregar	Mood=Ind|Number=Plur|Person=3|Tense=Pqp|VerbForm=Fin
xumbregaras	xumbregar	Mood=Ind|Number=Sing|Person=2|Tense=Pqp|VerbForm=Fin
xumbregardes	xumbregar	Mood=Sub|Number=Plur|Person=2|Tense=Fut|VerbForm=Fin
xumbregardes	xumbregar	Number=Plur|Person=2|VerbForm=Inf
xumbregarei	xumbregar	Mood=Ind|Number=Sing|Person=1|Tense=Fut|VerbForm=Fin
xumbregareis	xumbregar	Mood=Ind|Number=Plur|Person=2|Tense=Fut|VerbForm=Fin
xumbregarem	xumbregar	Mood=Sub|Number=Plur|Person=3|Tense=Fut|VerbForm=Fin
xumbregarem	xumbregar	Number=Plur|Person=3|VerbForm=Inf
xumbregaremos	xumbregar	Mood=Ind|Number=Plur|Person=1|Tense=Fut|VerbForm=Fin
xumbregares	xumbregar	Mood=Sub|Number=Sing|Person=2|Tense=Fut|VerbForm=Fin
xumbregares	xumbregar	Number=Sing|Person=2|VerbForm=Inf
xumbregaria	xumbregar	Mood=Cnd|Number=Sing|Person=1|VerbForm=Fin
xumbregaria	xumbregar	Mood=Cnd|Number=Sing|Person=3|VerbForm=Fin
xumbregariam	xumbregar	Mood=Cnd|Number=Plur|Person=3|VerbForm=Fin
xumbregarias	xumbregar	Mood=Cnd|Number=Sing|Person=2|VerbForm=Fin
xumbregarmos	xumbregar	Mood=Sub|Number=Plur|Person=1|Tense=Fut|VerbForm=Fin
xumbregarmos	xumbregar	Number=Plur|Person=1|VerbForm=Inf
xumbregará	xumbregar	Mood=Ind|Number=Sing|Person=3|Tense=Fut|VerbForm=Fin
xumbregarás	xumbregar	Mood=Ind|Number=Sing|Person=2|Tense=Fut|VerbForm=Fin
xumbregarão	xumbregar	Mood=Ind|Number=Plur|Person=3|Tense=Fut|VerbForm=Fin
xumbregaríamos	xumbregar	Mood=Cnd|Number=Plur|Person=1|VerbForm=Fin
xumbregaríeis	xumbregar	Mood=Cnd|Number=Plur|Person=2|VerbForm=Fin
xumbregas	xumbregar	Mood=Ind|Number=Sing|Person=2|Tense=Pres|VerbForm=Fin
xumbregasse	xumbregar	Mood=Sub|Number=Sing|Person=1|Tense=Past|VerbForm=Fin
xumbregasse	xumbregar	Mood=Sub|Number=Sing|Person=3|Tense=Past|VerbForm=Fin
xumbregassem	xumbregar	Mood=Sub|Number=Plur|Person=3|Tense=Past|VerbForm=Fin
xumbregasses	xumbregar	Mood=Sub|Number=Sing|Person=2|Tense=Past|VerbForm=Fin
xumbregaste	xumbregar	Mood=Ind|Number=Sing|Person=2|Tense=Past|VerbForm=Fin
xumbregastes	xumbregar	Mood=Ind|Number=Plur|Person=2|Tense=Past|VerbForm=Fin
xumbregava	xumbregar	Mood=Ind|Number=Sing|Person=1|Tense=Imp|VerbForm=Fin
xumbregava	xumbregar	Mood=Ind|Number=Sing|Person=3|Tense=Imp|VerbForm=Fin
xumbregavam	xumbregar	Mood=Ind|Number=Plur|Person=3|Tense=Imp|VerbForm=Fin
xumbregavas	xumbregar	Mood=Ind|Number=Sing|Person=2|Tense=Imp|VerbForm=Fin
xumbrego	xumbregar	Mood=Ind|Number=Sing|Person=1|Tense=Pres|VerbForm=Fin
xumbregou	xumbregar	Mood=Ind|Number=Sing|Person=3|Tense=Past|VerbForm=Fin
xumbregue	xumbregar	Mood=Imp|Number=Sing|Person=3|VerbForm=Fin
xumbregue	xumbregar	Mood=Sub|Number=Sing|Person=1|Tense=Pres|VerbForm=Fin
xumbregue	xumbregar	Mood=Sub|Number=Sing|Person=3|Tense=Pres|VerbForm=Fin
xumbreguei	xumbregar	Mood=Ind|Number=Sing|Person=1|Tense=Past|VerbForm=Fin
xumbregueis	xumbregar	Mood=Sub|Number=Plur|Person=2|Tense=Pres|VerbForm=Fin
xumbreguem	xumbregar	Mood=Imp|Number=Plur|Person=3|VerbForm=Fin
xumbreguem	xumbregar	Mood=Sub|Number=Plur|Person=3|Tense=Pres|VerbForm=Fin
xumbreguemos	xumbregar	Mood=Imp|Number=Plur|Person=1|VerbForm=Fin
xumbreguemos	xumbregar	Mood=Sub|Number=Plur|Person=1|Tense=Pres|VerbForm=Fin
xumbregues	xumbregar	Mood=Sub|Number=Sing|Person=2|Tense=Pres|VerbForm=Fin
xumbregáramos	xumbregar	Mood=Ind|Number=Plur|Person=1|Tense=Pqp|VerbForm=Fin
xumbregáreis	xumbregar	Mood=Ind|Number=Plur|Person=2|Tense=Pqp|VerbForm=Fin
xumbregásseis	xumbregar	Mood=Sub|Number=Plur|Person=2|Tense=Past|VerbForm=Fin
xumbregássemos	xumbregar	Mood=Sub|Number=Plur|Person=1|Tense=Past|VerbForm=Fin
xumbregávamos	xumbregar	Mood=Ind|Number=Plur|Person=1|Tense=Imp|VerbForm=Fin
xumbregáveis	xumbregar	Mood=Ind|Number=Plur|Person=2|Tense=Imp|VerbForm=Fin
xurda	xurdir	Mood=Imp|Number=Sing|Person=3|VerbForm=Fin
xurda	xurdir	Mood=Sub|Number=Sing|Person=1|Tense=Pres|VerbForm=Fin
xurda	xurdir	Mood=Sub|Number=Sing|Person=3|Tense=Pres|VerbForm=Fin
xurdais	xurdir	Mood=Sub|Number=Plur|Person=2|Tense=Pres|VerbForm=Fin
xurdam	xurdir	Mood=Imp|Number=Plur|Person=3|VerbForm=Fin
xurdam	xurdir	Mood=Sub|Number=Plur|Person=3|Tense=Pres|VerbForm=Fin
xurdamos	xurdir	Mood=Imp|Number=Plur|Person=1|VerbForm=Fin
xurdamos	xurdir	Mood=Sub|Number=Plur|Person=1|Tense=Pres|VerbForm=Fin
xurdas	xurdir	Mood=Sub|Number=Sing|Person=2|Tense=Pres|VerbForm=Fin
xurde	xurdir	Mood=Imp|Number=Sing|Person=2|VerbForm=Fin
xurde	xurdir	Mood=Ind|Number=Sing|Person=3|Tense=Pres|VerbForm=Fin
xurdem	xurdir	Mood=Ind|Number=Plur|Person=3|Tense=Pres|VerbForm=Fin
xurdes	xurdir	Mood=Ind|Number=Sing|Person=2|Tense=Pres|VerbForm=Fin
xurdi	xurdir	Mood=Imp|Number=Plur|Person=2|VerbForm=Fin
xurdi	xurdir	Mood=Ind|Number=Sing|Person=1|Tense=Past|VerbForm=Fin
xurdia	xurdir	Mood=Ind|Number=Sing|Person=1|Tense=Imp|VerbForm=Fin
xurdia	xurdir	Mood=Ind|Number=Sing|Person=3|Tense=Imp|VerbForm=Fin
xurdiam	xurdir	Mood=Ind|Number=Plur|Person=3|Tense=Imp|VerbForm=Fin
xurdias	xurdir	Mood=Ind|Number=Sing|Person=2|Tense=Imp|VerbForm=Fin
xurdida	xurdir	Gender=Fem|Number=Sing|VerbForm=Part
xurdidas	xurdir	Gender=Fem|Number=Plur|VerbForm=Part
xurdido	xurdir	Gender=Masc|Number=Sing|VerbForm=Part
xurdidos	xurdir	Gender=Masc|Number=Plur|VerbForm=Part
xurdimos	xurdir	Mood=Ind|Number=Plur|Person=1|Tense=Past|VerbForm=Fin
xurdimos	xurdir	Mood=Ind|Number=Plur|Person=1|Tense=Pres|VerbForm=Fin
xurdindo	xurdir	VerbForm=Ger
xurdir	xurdir	Mood=Sub|Number=Sing|Person=1|Tense=Fut|VerbForm=Fin
xurdir	xurdir	Mood=Sub|Number=Sing|Person=3|Tense=Fut|VerbForm=Fin
xurdir	xurdir	Number=Sing|Person=1|VerbForm=Inf
xurdir	xurdir	Number=Sing|Person=3|VerbForm=Inf
xurdir	xurdir	VerbForm=Inf
xurdira	xurdir	Mood=Ind|Number=Sing|Person=1|Tense=Pqp|VerbForm=Fin
xurdira	xurdir	Mood=Ind|Number=Sing|Person=3|Tense=Pqp|VerbForm=Fin
xurdiram	xurdir	Mood=Ind|Number=Plur|Person=3|Tense=Past|VerbForm=Fin
xurdiram	xurdir	Mood=Ind|Number=Plur|Person=3|Tense=Pqp|VerbForm=Fin
xurdiras	xurdir	Mood=Ind|Number=Sing|Person=2|Tense=Pqp|VerbForm=Fin
xurdirdes	xurdir	Mood=Sub|Number=Plur|Person=2|Tense=Fut|VerbForm=Fin
xurdirdes	xurdir	Number=Plur|Person=2|VerbForm=Inf
xurdirei	xurdir	Mood=Ind|Number=Sing|Person=1|Tense=Fut|VerbForm=Fin
xurdireis	xurdir	Mood=Ind|Number=Plur|Person=2|Tense=Fut|VerbForm=Fin
xurdirem	xurdir	Mood=Sub|Number=Plur|Person=3|Tense=Fut|VerbForm=Fin
xurdirem	xurdir	Number=Plur|Person=3|VerbForm=Inf
xurdiremos	xurdir	Mood=Ind|Number=Plur|Person=1|Tense=Fut|VerbForm=Fin
xurdires	xurdir	Mood=Sub|Number=Sing|Person=2|Tense=Fut|VerbForm=Fin
xurdires	xurdir	Number=Sing|Person=2|VerbForm=Inf
xurdiria	xurdir	Mood=Cnd|Number=Sing|Person=1|VerbForm=Fin
xurdiria	xurdir	Mood=Cnd|Number=Sing|Person=3|VerbForm=Fin
xurdiriam	xurdir	Mood=Cnd|Number=Plur|Person=3|VerbForm=Fin
xurdirias	xurdir	Mood=Cnd|Number=Sing|Person=2|VerbForm=Fin
xurdirmos	xurdir	Mood=Sub|Number=Plur|Person=1|Tense=Fut|VerbForm=Fin
xurdirmos	xurdir	Number=Plur|Person=1|VerbForm=Inf
xurdirá	xurdir	Mood=Ind|Number=Sing|Person=3|Tense=Fut|VerbForm=Fin
xurdirás	xurdir	Mood=Ind|Number=Sing|Person=2|Tense=Fut|VerbForm=Fin
xurdirão	xurdir	Mood=Ind|Number=Plur|Person=3|Tense=Fut|VerbForm=Fin
xurdiríamos	xurdir	Mood=Cnd|Number=Plur|Person=1|VerbForm=Fin
xurdiríeis	xurdir	Mood=Cnd|Number=Plur|Person=2|VerbForm=Fin
xurdis	xurdir	Mood=Ind|Number=Plur|Person=2|Tense=Pres|VerbForm=Fin
xurdisse	xurdir	Mood=Sub|Number=Sing|Person=1|Tense=Past|VerbForm=Fin
xurdisse	xurdir	Mood=Sub|Number=Sing|Person=3|Tense=Past|VerbForm=Fin
xurdissem	xurdir	Mood=Sub|Number=Plur|Person=3|Tense=Past|VerbForm=Fin
xurdisses	xurdir	Mood=Sub|Number=Sing|Person=2|Tense=Past|VerbForm=Fin
xurdiste	xurdir	Mood=Ind|Number=Sing|Person=2|Tense=Past|VerbForm=Fin
xurdistes	xurdir	Mood=Ind|Number=Plur|Person=2|Tense=Past|VerbForm=Fin
xurdiu	xurdir	Mood=Ind|Number=Sing|Person=3|Tense=Past|VerbForm=Fin
xurdo	xurdir	Mood=Ind|Number=Sing|Person=1|Tense=Pres|VerbForm=Fin
xurdíamos	xurdir	Mood=Ind|Number=Plur|Person=1|Tense=Imp|VerbForm=Fin
xurdíeis	xurdir	Mood=Ind|Number=Plur|Person=2|Tense=Imp|VerbForm=Fin
xurdíramos	xurdir	Mood=Ind|Number=Plur|Person=1|Tense=Pqp|VerbForm=Fin
xurdíreis	xurdir	Mood=Ind|Number=Plur|Person=2|Tense=Pqp|VerbForm=Fin
xurdísseis	xurdir	Mood=Sub|Number=Plur|Person=2|Tense=Past|VerbForm=Fin
xurdíssemos	xurdir	Mood=Sub|Number=Plur|Person=1|Tense=Past|VerbForm=Fin
